pmid,study,title,compound,stereochemistry,receptor,preparation,method,finding,reported_value,unit,source_verification,source_location,limitation,doi,source_url,evidence_layer
9862757,Fryer JD et al. (1999),"Noncompetitive functional inhibition at diverse, human nicotinic acetylcholine receptor subtypes by bupropion, phencyclidine, and ibogaine.",bupropion,not separately resolved,muscle α1βγδ; ganglionic α3β4*,human TE671/RD and SH-SY5Y cells,86Rb efflux,Noncompetitive functional inhibition in the micromolar range.,,,primary abstract,Abstract,Not an α7 experiment; ganglionic receptor has possible additional subunits.,,https://pubmed.ncbi.nlm.nih.gov/9862757/,receptor and related pharmacology
10991997,Slemmer JE et al. (2000),Bupropion is a nicotinic antagonist.,bupropion,not separately resolved,α3β2; α4β2; α7,expressed receptors; exact clone species not rechecked,functional inhibition,α3β2 and α4β2 inhibition approximately 50 and 12 times more potent than α7 within this study.,,,primary abstract,Abstract,"This ratio is assay-specific, not a universal ranking across receptor stoichiometries.",,https://pubmed.ncbi.nlm.nih.gov/10991997/,receptor and related pharmacology
12183670,Miller DK et al. (2002),Bupropion inhibits nicotine-evoked [(3)H]overflow from rat striatal slices preloaded with [(3)H]dopamine and from rat hippocampal slices preloaded with [(3)H]norepinephrine.,bupropion,not separately resolved,nicotine-evoked striatal DA release; assigned α3β2*,rat brain slices,radiolabeled neurotransmitter release with transporter inhibitors,Inhibition of nicotine-evoked release.,1.27,IC50 µM,primary abstract,Abstract,Indirect release endpoint; preserve the authors’ native-receptor assignment rather than equating it to purified α7.,10.1124/jpet.102.033852,https://pubmed.ncbi.nlm.nih.gov/12183670/,receptor and related pharmacology
12183670,Miller DK et al. (2002),Bupropion inhibits nicotine-evoked [(3)H]overflow from rat striatal slices preloaded with [(3)H]dopamine and from rat hippocampal slices preloaded with [(3)H]norepinephrine.,bupropion,not separately resolved,nicotine-evoked hippocampal NE release; assigned α3β4*,rat brain slices,radiolabeled neurotransmitter release with transporter inhibitors,Inhibition of nicotine-evoked release.,0.323,IC50 µM,primary abstract,Abstract,Indirect release endpoint; preserve the authors’ native-receptor assignment rather than equating it to purified α7.,10.1124/jpet.102.033852,https://pubmed.ncbi.nlm.nih.gov/12183670/,receptor and related pharmacology
12909199,Bondarev ML et al. (2003),Behavioral and biochemical investigations of bupropion metabolites.,bupropion; hydroxybupropion; threo metabolites,not separately resolved,α3β4,cells expressing α3β4; rat behavioral tests also reported,86Rb efflux and drug discrimination,Tested metabolites antagonized nicotine-evoked efflux despite lack of binding affinity in the reported nicotinic binding assay.,,,primary abstract; primary PDF search excerpt,Abstract; indexed article discussion,Full PDF still inaccessible; exact per-isomer values are not promoted to the verified numeric table. No α7 potency established here.,10.1016/s0014-2999(03)02010-7,https://pubmed.ncbi.nlm.nih.gov/12909199/,receptor and related pharmacology
12349962,Jozwiak K et al. (2002),Displacement and nonlinear chromatographic techniques in the investigation of interaction of noncompetitive inhibitors with an immobilized alpha3beta4 nicotinic acetylcholine receptor liquid chromatographic stationary phase.,bupropion,not separately resolved,immobilized α3β4,receptor-containing chromatographic stationary phase,displacement and nonlinear chromatography,Bupropion interacted with the immobilized receptor; mecamylamine displacement was interpreted as a shared noncompetitive-inhibitor site.,,,primary abstract,Abstract,"Binding kinetics in an immobilized receptor preparation, not an α7 current assay or an atomic binding-site structure.",10.1021/ac0202029,https://pubmed.ncbi.nlm.nih.gov/12349962/,receptor and related pharmacology
15322260,Damaj MI et al. (2004),Enantioselective effects of hydroxy metabolites of bupropion on behavior and on function of monoamine transporters and nicotinic receptors.,hydroxybupropion,"(2S,3S)",α4β2,human receptor functional assay,functional inhibition,"S,S hydroxybupropion inhibits α4β2.",3.3,IC50 µM,primary abstract,Abstract,Full article not retrieved. Abstract contains inconsistent stereochemical labels for the comparator; do not treat those as a new human metabolite.,10.1124/mol.104.001313,https://pubmed.ncbi.nlm.nih.gov/15322260/,receptor and related pharmacology
15647329,Alkondon M et al. (2005),Nicotinic receptor subtypes in rat hippocampal slices are differentially sensitive to desensitization and early in vivo functional up-regulation by nicotine and to block by bupropion.,bupropion,not separately resolved,"type IA, pharmacologically α7-like",acute hippocampal slices from male rat pups,whole-cell recording at 1 µM bupropion,Reported percent inhibition at a single concentration.,0,% inhibition at 1 µM,primary abstract,Abstract,Native response classes are pharmacological assignments; this is not a concentration-response IC50.,10.1124/jpet.104.081232,https://pubmed.ncbi.nlm.nih.gov/15647329/,receptor and related pharmacology
15647329,Alkondon M et al. (2005),Nicotinic receptor subtypes in rat hippocampal slices are differentially sensitive to desensitization and early in vivo functional up-regulation by nicotine and to block by bupropion.,bupropion,not separately resolved,"type II, α4β2-like",acute hippocampal slices from male rat pups,whole-cell recording at 1 µM bupropion,Reported percent inhibition at a single concentration.,15,% inhibition at 1 µM,primary abstract,Abstract,Native response classes are pharmacological assignments; this is not a concentration-response IC50.,10.1124/jpet.104.081232,https://pubmed.ncbi.nlm.nih.gov/15647329/,receptor and related pharmacology
15647329,Alkondon M et al. (2005),Nicotinic receptor subtypes in rat hippocampal slices are differentially sensitive to desensitization and early in vivo functional up-regulation by nicotine and to block by bupropion.,bupropion,not separately resolved,"type III, α3β4-like",acute hippocampal slices from male rat pups,whole-cell recording at 1 µM bupropion,Reported percent inhibition at a single concentration.,56,% inhibition at 1 µM,primary abstract,Abstract,Native response classes are pharmacological assignments; this is not a concentration-response IC50.,10.1124/jpet.104.081232,https://pubmed.ncbi.nlm.nih.gov/15647329/,receptor and related pharmacology
17477919,Sidhpura N et al. (2007),Comparison of the effects of bupropion on nicotinic receptor-evoked [(3)H]dopamine release from rat striatal synaptosomes and slices.,bupropion,not separately resolved,nicotinic release pathway; dopamine D2 feedback,rat striatal synaptosomes and slices,nicotine-evoked dopamine release,About 50% reduction at 10 µM; the low-concentration slice effect at 0.1 µM was reversed by a D2 antagonist.,,,primary abstract,Abstract,Multiple mechanisms contribute to the same release endpoint; not direct α7 potency.,10.1016/j.ejphar.2007.03.052,https://pubmed.ncbi.nlm.nih.gov/17477919/,receptor and related pharmacology
17868653,Mansvelder HD et al. (2007),Bupropion inhibits the cellular effects of nicotine in the ventral tegmental area.,bupropion,not separately resolved,mixed VTA nicotinic receptors and GABA input,"brain slices, VTA dopamine neurons",electrophysiology; ≥2 h pretreatment,ACh-current inhibition IC50 0.28 µM; 1 µM pretreatment also reduced nicotine effects on GABA input.,0.28,IC50 µM,primary abstract plus indexed full-text results,Results; Figures 1 and 3,Mixed native receptor/circuit endpoints cannot be relabeled as a selective α7 IC50.,10.1016/j.bcp.2007.07.034,https://pubmed.ncbi.nlm.nih.gov/17868653/,receptor and related pharmacology
19334677,Arias HR et al. (2009),Interaction of bupropion with muscle-type nicotinic acetylcholine receptors in different conformational states.,bupropion,not separately resolved,muscle/Torpedo nicotinic receptors,muscle receptor expression and Torpedo membranes,currents; radioligand binding; modeling,Receptor state alters inhibition; luminal-site interpretation supported by binding and modeling.,,,primary full text,Results and discussion,Muscle/Torpedo results do not directly determine the human α7 binding site.,10.1021/bi802206k,https://pubmed.ncbi.nlm.nih.gov/19334677/,receptor and related pharmacology
20158204,Carroll FI et al. (2010),Synthesis and biological evaluation of bupropion analogues as potential pharmacotherapies for smoking cessation.,bupropion comparator; synthetic analogues,not separately resolved,human α3β4*; α4β2; α4β4; α1*,expressed human receptor panel,functional antagonism; uptake; mouse nicotine endpoints,Synthetic analogues compared with parent; no α7 panel reported.,,,primary abstract,Abstract,Analogues are not established human metabolites. Parent reference-data independence requires the full table and footnotes; not counted as independent replication.,10.1021/jm9017465,https://pubmed.ncbi.nlm.nih.gov/20158204/,receptor and related pharmacology
21058665,Carroll FI et al. (2010),Nicotinic acetylcholine receptor efficacy and pharmacological properties of 3-(substituted phenyl)-2β-substituted tropanes.,bupropion comparator; synthetic phenyltropanes,not separately resolved,nicotinic panel favoring α3β4* inhibition,functional receptor assays; mouse nicotine endpoints,analogue screening,Phenyltropanes compared with bupropion across uptake and nicotinic functional endpoints.,,,primary abstract,Abstract,Synthetic comparators are not bupropion metabolites. No new bupropion α7 potency established; reference-data independence unresolved.,10.1021/jm100994w,https://pubmed.ncbi.nlm.nih.gov/21058665/,receptor and related pharmacology
22119468,Lapinsky DJ et al. (2012),"(±)-2-(N-tert-Butylamino)-3'-[(125)I]-iodo-4'-azidopropiophenone: a dopamine transporter and nicotinic acetylcholine receptor photoaffinity ligand based on bupropion (Wellbutrin, Zyban).",bupropion; synthetic SADU-3-72 photoprobe,not separately resolved,human α4β2; human DAT,purified lipid-reincorporated α4β2; DAT-expressing cells,photoaffinity labeling and competition,Bupropion blocked labeling by a radioiodinated bupropion-based probe.,,,primary abstract,Abstract,Synthetic photoprobe is not a human metabolite. Labeling/competition does not establish an α7 binding pose.,10.1016/j.bmcl.2011.10.086,https://pubmed.ncbi.nlm.nih.gov/22119468/,receptor and related pharmacology
23429692,Brody AL et al. (2013),Treatment for tobacco dependence: effect on brain nicotinic acetylcholine receptor density.,bupropion treatment arm,not separately resolved,brain α4β2* availability/density measure,48 smokers; before/after cessation treatment,2-FA PET; bupropion versus counseling versus placebo,Receptor measure decreased with reduced smoking and quitting; no between-group treatment-type effect.,,,primary abstract,Abstract,Not direct α7 engagement or proof of bupropion receptor occupancy. Smoking change and receptor regulation must be separated from drug blockade.,10.1038/npp.2013.53,https://pubmed.ncbi.nlm.nih.gov/23429692/,receptor and related pharmacology
26049014,Fukushima A et al. (2015),Oseltamivir produces hypothermic and neuromuscular effects by inhibition of nicotinic acetylcholine receptor functions: comparison to procaine and bupropion.,bupropion comparator,not separately resolved,ganglionic and muscle nicotinic pathways,mice and anesthetized rats,"temperature, cardiovascular and neuromuscular measurements",Bupropion produced systemic effects and augmented d-tubocurarine-associated muscle relaxation.,,,primary abstract,Abstract,Physiological evidence is not a subtype-isolated potency assay; primary study focused on oseltamivir. No α7-specific conclusion.,10.1016/j.ejphar.2015.06.004,https://pubmed.ncbi.nlm.nih.gov/26049014/,receptor and related pharmacology
20509659,Lukas RJ et al. (2010),Synthesis and characterization of in vitro and in vivo profiles of hydroxybupropion analogues: aids to smoking cessation.,bupropion,racemate,α3β4*,human cell lines: SH-SY5Y / engineered SH-EP1 / TE671-RD,86Rb efflux; carbamylcholine EC80–90; 5 min,Functional antagonism.,1.8 (1.15),IC50 µM (multiplicative SEM),primary full text and table,Table 1; methods; Figures 1–2,"Parent/hydroxy reference series; α7 was not assayed. Parentheses denote multiplicative SEM, not ±SEM.",10.1021/jm1003232,https://pubmed.ncbi.nlm.nih.gov/20509659/,receptor and related pharmacology
20509659,Lukas RJ et al. (2010),Synthesis and characterization of in vitro and in vivo profiles of hydroxybupropion analogues: aids to smoking cessation.,bupropion,racemate,α4β2,human cell lines: SH-SY5Y / engineered SH-EP1 / TE671-RD,86Rb efflux; carbamylcholine EC80–90; 5 min,Functional antagonism.,12 (1.15),IC50 µM (multiplicative SEM),primary full text and table,Table 1; methods; Figures 1–2,"Parent/hydroxy reference series; α7 was not assayed. Parentheses denote multiplicative SEM, not ±SEM.",10.1021/jm1003232,https://pubmed.ncbi.nlm.nih.gov/20509659/,receptor and related pharmacology
20509659,Lukas RJ et al. (2010),Synthesis and characterization of in vitro and in vivo profiles of hydroxybupropion analogues: aids to smoking cessation.,bupropion,racemate,α4β4,human cell lines: SH-SY5Y / engineered SH-EP1 / TE671-RD,86Rb efflux; carbamylcholine EC80–90; 5 min,Functional antagonism.,12 (1.07),IC50 µM (multiplicative SEM),primary full text and table,Table 1; methods; Figures 1–2,"Parent/hydroxy reference series; α7 was not assayed. Parentheses denote multiplicative SEM, not ±SEM.",10.1021/jm1003232,https://pubmed.ncbi.nlm.nih.gov/20509659/,receptor and related pharmacology
20509659,Lukas RJ et al. (2010),Synthesis and characterization of in vitro and in vivo profiles of hydroxybupropion analogues: aids to smoking cessation.,bupropion,racemate,muscle α1β1γδ,human cell lines: SH-SY5Y / engineered SH-EP1 / TE671-RD,86Rb efflux; carbamylcholine EC80–90; 5 min,Functional antagonism.,7.9 (1.12),IC50 µM (multiplicative SEM),primary full text and table,Table 1; methods; Figures 1–2,"Parent/hydroxy reference series; α7 was not assayed. Parentheses denote multiplicative SEM, not ±SEM.",10.1021/jm1003232,https://pubmed.ncbi.nlm.nih.gov/20509659/,receptor and related pharmacology
20509659,Lukas RJ et al. (2010),Synthesis and characterization of in vitro and in vivo profiles of hydroxybupropion analogues: aids to smoking cessation.,hydroxybupropion,"(2R,3R)",α3β4*,human cell lines: SH-SY5Y / engineered SH-EP1 / TE671-RD,86Rb efflux; carbamylcholine EC80–90; 5 min,Functional antagonism.,6.5 (1.20),IC50 µM (multiplicative SEM),primary full text and table,Table 1; methods; Figures 1–2,"Parent/hydroxy reference series; α7 was not assayed. Parentheses denote multiplicative SEM, not ±SEM.",10.1021/jm1003232,https://pubmed.ncbi.nlm.nih.gov/20509659/,receptor and related pharmacology
20509659,Lukas RJ et al. (2010),Synthesis and characterization of in vitro and in vivo profiles of hydroxybupropion analogues: aids to smoking cessation.,hydroxybupropion,"(2R,3R)",α4β2,human cell lines: SH-SY5Y / engineered SH-EP1 / TE671-RD,86Rb efflux; carbamylcholine EC80–90; 5 min,Functional antagonism.,31 (1.12),IC50 µM (multiplicative SEM),primary full text and table,Table 1; methods; Figures 1–2,"Parent/hydroxy reference series; α7 was not assayed. Parentheses denote multiplicative SEM, not ±SEM.",10.1021/jm1003232,https://pubmed.ncbi.nlm.nih.gov/20509659/,receptor and related pharmacology
20509659,Lukas RJ et al. (2010),Synthesis and characterization of in vitro and in vivo profiles of hydroxybupropion analogues: aids to smoking cessation.,hydroxybupropion,"(2R,3R)",α4β4,human cell lines: SH-SY5Y / engineered SH-EP1 / TE671-RD,86Rb efflux; carbamylcholine EC80–90; 5 min,Functional antagonism.,41 (1.07),IC50 µM (multiplicative SEM),primary full text and table,Table 1; methods; Figures 1–2,"Parent/hydroxy reference series; α7 was not assayed. Parentheses denote multiplicative SEM, not ±SEM.",10.1021/jm1003232,https://pubmed.ncbi.nlm.nih.gov/20509659/,receptor and related pharmacology
20509659,Lukas RJ et al. (2010),Synthesis and characterization of in vitro and in vivo profiles of hydroxybupropion analogues: aids to smoking cessation.,hydroxybupropion,"(2R,3R)",muscle α1β1γδ,human cell lines: SH-SY5Y / engineered SH-EP1 / TE671-RD,86Rb efflux; carbamylcholine EC80–90; 5 min,Functional antagonism.,7.6 (1.12),IC50 µM (multiplicative SEM),primary full text and table,Table 1; methods; Figures 1–2,"Parent/hydroxy reference series; α7 was not assayed. Parentheses denote multiplicative SEM, not ±SEM.",10.1021/jm1003232,https://pubmed.ncbi.nlm.nih.gov/20509659/,receptor and related pharmacology
20509659,Lukas RJ et al. (2010),Synthesis and characterization of in vitro and in vivo profiles of hydroxybupropion analogues: aids to smoking cessation.,hydroxybupropion,"(2S,3S)",α3β4*,human cell lines: SH-SY5Y / engineered SH-EP1 / TE671-RD,86Rb efflux; carbamylcholine EC80–90; 5 min,Functional antagonism.,11 (1.48),IC50 µM (multiplicative SEM),primary full text and table,Table 1; methods; Figures 1–2,"Parent/hydroxy reference series; α7 was not assayed. Parentheses denote multiplicative SEM, not ±SEM.",10.1021/jm1003232,https://pubmed.ncbi.nlm.nih.gov/20509659/,receptor and related pharmacology
20509659,Lukas RJ et al. (2010),Synthesis and characterization of in vitro and in vivo profiles of hydroxybupropion analogues: aids to smoking cessation.,hydroxybupropion,"(2S,3S)",α4β2,human cell lines: SH-SY5Y / engineered SH-EP1 / TE671-RD,86Rb efflux; carbamylcholine EC80–90; 5 min,Functional antagonism.,3.3 (1.07),IC50 µM (multiplicative SEM),primary full text and table,Table 1; methods; Figures 1–2,"Parent/hydroxy reference series; α7 was not assayed. Parentheses denote multiplicative SEM, not ±SEM.",10.1021/jm1003232,https://pubmed.ncbi.nlm.nih.gov/20509659/,receptor and related pharmacology
20509659,Lukas RJ et al. (2010),Synthesis and characterization of in vitro and in vivo profiles of hydroxybupropion analogues: aids to smoking cessation.,hydroxybupropion,"(2S,3S)",α4β4,human cell lines: SH-SY5Y / engineered SH-EP1 / TE671-RD,86Rb efflux; carbamylcholine EC80–90; 5 min,Functional antagonism.,30 (1.10),IC50 µM (multiplicative SEM),primary full text and table,Table 1; methods; Figures 1–2,"Parent/hydroxy reference series; α7 was not assayed. Parentheses denote multiplicative SEM, not ±SEM.",10.1021/jm1003232,https://pubmed.ncbi.nlm.nih.gov/20509659/,receptor and related pharmacology
20509659,Lukas RJ et al. (2010),Synthesis and characterization of in vitro and in vivo profiles of hydroxybupropion analogues: aids to smoking cessation.,hydroxybupropion,"(2S,3S)",muscle α1β1γδ,human cell lines: SH-SY5Y / engineered SH-EP1 / TE671-RD,86Rb efflux; carbamylcholine EC80–90; 5 min,Functional antagonism.,28 (1.45),IC50 µM (multiplicative SEM),primary full text and table,Table 1; methods; Figures 1–2,"Parent/hydroxy reference series; α7 was not assayed. Parentheses denote multiplicative SEM, not ±SEM.",10.1021/jm1003232,https://pubmed.ncbi.nlm.nih.gov/20509659/,receptor and related pharmacology
21285282,Papke RL et al. (2011),Electrophysiological perspectives on the therapeutic use of nicotinic acetylcholine receptor partial agonists.,bupropion,not separately resolved,human α7,human receptor + RIC-3 in Xenopus oocytes,ACh/bupropion coapplication,Functional inhibition.,46 ± 7,IC50 µM,"primary indexed methods, Figure 7 and Table 4",Table 4; acute methods,Acute and bath protocols also use different ACh concentrations; do not attribute the difference solely to time.,10.1124/jpet.110.177485,https://pubmed.ncbi.nlm.nih.gov/21285282/,receptor and related pharmacology
21285282,Papke RL et al. (2011),Electrophysiological perspectives on the therapeutic use of nicotinic acetylcholine receptor partial agonists.,bupropion,not separately resolved,human α7,human receptor + RIC-3 in Xenopus oocytes,30 min bath exposure; repeated ACh probes,Functional inhibition.,16 ± 3,IC50 µM,"primary indexed methods, Figure 7 and Table 4",Table 4; bath methods,ACh 60 µM for bath probes versus 300 µM in acute α7 protocol. Does not establish therapeutic human target engagement.,10.1124/jpet.110.177485,https://pubmed.ncbi.nlm.nih.gov/21285282/,receptor and related pharmacology
21285282,Papke RL et al. (2011),Electrophysiological perspectives on the therapeutic use of nicotinic acetylcholine receptor partial agonists.,bupropion,not separately resolved,(α4)3(β2)2,human concatenated receptor subunits in Xenopus oocytes,acute coapplication versus 30 min bath exposure,Stoichiometry and protocol affect measured inhibition.,8.3 ± 1.2 acute; 5.9 ± 1.5 bath,IC50 µM,primary indexed Table 4,Table 4,"n in the source table is a fitted slope, not sample size. These are not interchangeable α4β2 conditions.",10.1124/jpet.110.177485,https://pubmed.ncbi.nlm.nih.gov/21285282/,receptor and related pharmacology
21285282,Papke RL et al. (2011),Electrophysiological perspectives on the therapeutic use of nicotinic acetylcholine receptor partial agonists.,bupropion,not separately resolved,(α4)2(β2)3,human concatenated receptor subunits in Xenopus oocytes,acute coapplication versus 30 min bath exposure,Stoichiometry and protocol affect measured inhibition.,72 ± 5 acute; 4.4 ± 2.3 bath,IC50 µM,primary indexed Table 4,Table 4,"n in the source table is a fitted slope, not sample size. These are not interchangeable α4β2 conditions.",10.1124/jpet.110.177485,https://pubmed.ncbi.nlm.nih.gov/21285282/,receptor and related pharmacology
21285282,Papke RL et al. (2011),Electrophysiological perspectives on the therapeutic use of nicotinic acetylcholine receptor partial agonists.,bupropion,not separately resolved,(α4)2(β2)2α5,human concatenated receptor subunits in Xenopus oocytes,acute coapplication versus 30 min bath exposure,Stoichiometry and protocol affect measured inhibition.,23 ± 2 acute; 2.8 ± 1.0 bath,IC50 µM,primary indexed Table 4,Table 4,"n in the source table is a fitted slope, not sample size. These are not interchangeable α4β2 conditions.",10.1124/jpet.110.177485,https://pubmed.ncbi.nlm.nih.gov/21285282/,receptor and related pharmacology
21319801,Carroll FI et al. (2011),"Synthesis of 2-(substituted phenyl)-3,5,5-trimethylmorpholine analogues and their effects on monoamine uptake, nicotinic acetylcholine receptor function, and behavioral effects of nicotine.",bupropion and hydroxybupropion reference controls,not separately resolved,α3β4*; α4β2; α4β4; muscle α1*,human cell lines,86Rb efflux; analogue comparison,"Table 1 includes parent and R,R/S,S hydroxy controls.",,,primary full text and table,Table 1 and footnote c,Controls are marked as taken from a reference; do not count as independent replication. Some entries differ from the 2010 table; keep study-specific values. α7 absent from panel.,10.1021/jm1014555,https://pubmed.ncbi.nlm.nih.gov/21319801/,receptor and related pharmacology
21791218,García-Colunga J et al. (2011),Interaction of bupropion and zinc with neuronal nicotinic acetylcholine receptors.,bupropion,not separately resolved,α4β4,Xenopus oocytes,ACh-evoked current; zinc modulation,"IC50 3.51 or 2.27 µM at 0.5 or 2 µM ACh; with zinc and 2 µM ACh, IC50 0.81 µM.",,,primary abstract,Abstract,Agonist and zinc conditions change apparent potency; not α7.,10.1016/j.neuropharm.2011.07.009,https://pubmed.ncbi.nlm.nih.gov/21791218/,receptor and related pharmacology
22394379,Pandhare A et al. (2012),Bupropion binds to two sites in the Torpedo nicotinic acetylcholine receptor transmembrane domain: a photoaffinity labeling study with the bupropion analogue [(125)I]-SADU-3-72.,bupropion / photoreactive analogue SADU-3-72,not separately resolved,Torpedo muscle nAChR,Torpedo membranes,"photolabeling, competition and residue mapping",Experimental evidence for pore M2-9 and a separate αM1 region.,,,primary full text,Results; discussion; Figures 5–9,Photoprobe is an analogue; this is not direct bupropion-bound human α7 structural evidence.,10.1021/bi300101r,https://pubmed.ncbi.nlm.nih.gov/22394379/,receptor and related pharmacology
23103524,Arias HR et al. (2012),"Structural and functional interaction of (±)-2-(N-tert-butylamino)-3'-iodo-4'-azidopropiophenone, a photoreactive bupropion derivative, with nicotinic acetylcholine receptors.",bupropion / SADU-3-72,not separately resolved,muscle nAChRs,human muscle expression and Torpedo receptors,calcium influx; binding; docking,Photoprobe differs in potency from parent.,,,primary abstract,Abstract,An analogue is not a human metabolite or an interchangeable pharmacological control.,10.1016/j.neuint.2012.10.011,https://pubmed.ncbi.nlm.nih.gov/23103524/,receptor and related pharmacology
23981664,Radhakrishnan R et al. (2013),The β4 nicotinic receptor subunit modulates the chronic antidepressant effect mediated by bupropion.,bupropion,not separately resolved,β4-containing nicotinic pathways,wild-type and β4-knockout mice,"forced-swim test, acute/chronic treatment",Chronic effects depended on sex and β4 genotype.,,,primary abstract,Abstract,"Behavioral pathway evidence, not an α7 receptor assay or depersonalization model.",10.1016/j.neulet.2013.08.009,https://pubmed.ncbi.nlm.nih.gov/23981664/,receptor and related pharmacology
25016090,Vázquez-Gómez E et al. (2014),Bupropion-induced inhibition of α7 nicotinic acetylcholine receptors expressed in heterologous cells and neurons from dorsal raphe nucleus and hippocampus.,bupropion,not separately resolved,α7,GH3-α7 expression system,calcium influx,Functional inhibition.,54,IC50 µM,primary abstract,Abstract,"IC50 is a functional assay value, not receptor occupancy.",10.1016/j.ejphar.2014.06.059,https://pubmed.ncbi.nlm.nih.gov/25016090/,receptor and related pharmacology
25016090,Vázquez-Gómez E et al. (2014),Bupropion-induced inhibition of α7 nicotinic acetylcholine receptors expressed in heterologous cells and neurons from dorsal raphe nucleus and hippocampus.,bupropion,not separately resolved,α7 imipramine-associated site,heterologous receptor preparation,radioligand competition,Competition at the imipramine-associated site.,63,Ki µM,primary abstract,Abstract,Binding estimate does not alone establish exact pose or inhibition at clinical exposure.,10.1016/j.ejphar.2014.06.059,https://pubmed.ncbi.nlm.nih.gov/25016090/,receptor and related pharmacology
25016090,Vázquez-Gómez E et al. (2014),Bupropion-induced inhibition of α7 nicotinic acetylcholine receptors expressed in heterologous cells and neurons from dorsal raphe nucleus and hippocampus.,bupropion,not separately resolved,native α7-containing response,hippocampal CA1 interneurons,whole-cell current,Partial inhibition at 10 µM.,10,µM applied,primary abstract,Abstract,Not a measured human free-brain concentration or a metabolite experiment.,10.1016/j.ejphar.2014.06.059,https://pubmed.ncbi.nlm.nih.gov/25016090/,receptor and related pharmacology
27612850,Arias HR et al. (2016),Bupropion and its photoreactive analog (±)-SADU-3-72 interact with luminal and non-luminal sites at human α4β2 nicotinic acetylcholine receptors.,bupropion / SADU-3-72,not separately resolved,human α4β2,expressed human receptor,calcium influx; imipramine competition; docking,Functional and binding data plus proposed pore and non-pore locations.,,,primary abstract,Abstract,Locations include docking inferences; not direct human α7 structural validation.,10.1016/j.neuint.2016.08.013,https://pubmed.ncbi.nlm.nih.gov/27612850/,receptor and related pharmacology
27671323,Pandhare A et al. (2017),The antidepressant bupropion is a negative allosteric modulator of serotonin type 3A receptors.,bupropion; hydroxybupropion,not separately resolved,mouse 5-HT3A,Xenopus oocytes,two-electrode voltage clamp; coapplication,Parent and hydroxy metabolite both inhibit currents.,87.1 ± 4.1; 112.2 ± 7.5,IC50 µM,primary full text,Results; Figure 2,"Hydroxy stereochemistry not individually resolved; another receptor family, not α7.",10.1016/j.neuropharm.2016.09.021,https://pubmed.ncbi.nlm.nih.gov/27671323/,receptor and related pharmacology
29042244,Arias HR et al. (2017),Selectivity of coronaridine congeners at nicotinic acetylcholine receptors and inhibitory activity on mouse medial habenula.,bupropion,not separately resolved,human α3β4 ibogaine-associated site,resting versus desensitized receptors,radioligand competition,Approximately twofold state-dependent difference in affinity.,,,primary abstract,Abstract,α7 assays in this paper concern coronaridine compounds; do not attribute those results to bupropion.,10.1016/j.biocel.2017.10.006,https://pubmed.ncbi.nlm.nih.gov/29042244/,receptor and related pharmacology
29961917,Kim EJ et al. (2018),Molecular basis of atypicality of bupropion inferred from its receptor engagement in nervous system tissues.,bupropion,not separately resolved,multiple targets,published affinity and tissue-expression data,computational integration,Proposes tissue-specific contributions of multiple targets.,,,primary abstract,Abstract,"Secondary use of affinity data, not a new receptor potency experiment.",10.1007/s00213-018-4958-9,https://pubmed.ncbi.nlm.nih.gov/29961917/,receptor and related pharmacology
30552947,Bagdas D et al. (2019),Blockade of nicotinic acetylcholine receptor enhances the responsiveness to bupropion in the mouse forced swim test.,bupropion,not separately resolved,"α4*, α6*, β2* pathways",knockout and wild-type mice,forced-swim behavior,Subunit deletions and DHβE altered behavioral responses.,,,primary abstract,Abstract,Not a test of α7 blockade or depersonalization.,10.1016/j.bbr.2018.12.027,https://pubmed.ncbi.nlm.nih.gov/30552947/,receptor and related pharmacology
31871303,Stuebler AG et al. (2020),Bupropion Inhibits Serotonin Type 3AB Heteromeric Channels at Clinically Relevant Concentrations.,bupropion; hydroxybupropion,not separately resolved,5-HT3AB,Xenopus oocytes,voltage clamp; coapplication and preincubation,"Coapplication IC50 840 and 526 µM, respectively; preincubation increases inhibition.",840; 526,IC50 µM,primary full text and table,Table 1; Figures 3–4 and 7,Do not substitute preincubation effects for coapplication IC50 or infer human exposure from the title.,10.1124/mol.119.118349,https://pubmed.ncbi.nlm.nih.gov/31871303/,receptor and related pharmacology
33668529,Duarte Y et al. (2021),Different Classes of Antidepressants Inhibit the Rat α7 Nicotinic Acetylcholine Receptor by Interacting within the Ion Channel: A Functional and Structural Study.,bupropion,not separately resolved,native rat α7-containing current,rat CA1 stratum-radiatum interneurons,choline-evoked whole-cell current,Current ratio 0.52 ± 0.04 at 50 µM; inhibition also observed at 20 µM.,0.52 ± 0.04 at 50 µM,remaining current / control,primary full text,Results §2.2; Figure 2,Single-concentration current ratio is not a newly fitted IC50. Pore location also uses a homology-model workflow.,10.3390/molecules26040998,https://pubmed.ncbi.nlm.nih.gov/33668529/,receptor and related pharmacology
33811859,Ríos SC et al. (2021),Disruption of the cholinergic anti-inflammatory response by R5-tropic HIV-1 protein gp120JRFL.,bupropion,not separately resolved,α7-associated anti-inflammatory pathway,human monocyte-derived macrophages exposed to HIV gp120,cytokine assay,"70 ng/mL bupropion reduced IL-6 in the tested paradigm, not all cytokines.",70,ng/mL applied,primary full text,Figure 6; CAR methods,Downstream inflammatory response; does not establish selective α7 channel inhibition at that concentration.,10.1016/j.jbc.2021.100618,https://pubmed.ncbi.nlm.nih.gov/33811859/,receptor and related pharmacology
34237657,Targowska-Duda KM et al. (2021),Type I and type II positive allosteric modulators of α7 nicotinic acetylcholine receptors induce antidepressant-like activity in mice by a mechanism involving receptor potentiation but not neurotransmitter reuptake inhibition. Correlation with mTOR intracellular pathway activation.,bupropion combined with α7 PAM,not separately resolved,α7-related pathway,mice,forced-swim/tail-suspension; pharmacological interactions,PAM-2 and bupropion showed behavioral synergy.,,,primary abstract,Abstract,Not a bupropion α7 concentration-response assay or evidence that α7 antagonism explains antidepressant efficacy.,10.1016/j.euroneuro.2021.06.006,https://pubmed.ncbi.nlm.nih.gov/34237657/,receptor and related pharmacology
37632788,Rockley K et al. (2023),An integrated approach for early in vitro seizure prediction utilizing hiPSC neurons and human ion channel assays.,bupropion,not separately resolved,human 14-channel panel including α4β2; no α7,engineered human channels; separate hiPSC neuronal cultures,automated patch clamp; microelectrode array,Reported channel hits were potassium channels and α4β2; bupropion also changed neuronal network bursting.,,,primary PDF methods and results text,Table 1; Results: CNS active therapies; hiPSC neuronal coculture assay,Panel does not assay α7. Network effects do not identify the causal channel or prove the mechanism of clinical seizures; individual Figure 1 potencies not extracted.,10.1093/toxsci/kfad087,https://pubmed.ncbi.nlm.nih.gov/37632788/,receptor and related pharmacology
38678367,Do HQ et al. (2024),A bupropion modulatory site in the Gloeobacter violaceus ligand-gated ion channel.,bupropion,not separately resolved,bacterial GLIC,GLIC expressed in oocytes,"docking, mutagenesis and electrophysiology",Wild-type IC50 about 15 µM; T214F increased it about 13-fold; supports an intersubunit modulatory site.,,,primary full text,Results; Tables 1–3; discussion,"Bacterial homolog, not human α7. 2023 preprint and 2024 article are one study, not two replications.",10.1016/j.bpj.2024.04.027,https://pubmed.ncbi.nlm.nih.gov/38678367/,receptor and related pharmacology
20576796,Damaj MI et al. (2010),Effects of hydroxymetabolites of bupropion on nicotine dependence behavior in mice.,"bupropion; R,R- and S,S-hydroxybupropion","R,R and S,S compared",mixed nicotine reward/withdrawal pathways,mice,conditioned place preference; withdrawal; drug discrimination,"S,S metabolite was more potent in several nicotine-dependence endpoints; R,R differed across tasks.",,,primary indexed full-text results and discussion,Results; Table 1; Discussion,Behavior and reference receptor values are not a new α7 potency measurement; higher doses produced reward themselves.,10.1124/jpet.110.166850,https://pubmed.ncbi.nlm.nih.gov/20576796/,"circuit, seizure or sensory connection"
23993950,Mori T et al. (2013),Comparison of the behavioral effects of bupropion and psychostimulants.,bupropion,not separately resolved,sensorimotor gating; receptor cause unassigned,drug-naïve and bupropion-sensitized mice,acoustic-startle prepulse inhibition,"No PPI disruption was found under the tested conditions, unlike psychostimulant comparators.",,,primary abstract; indexed article results,Abstract; Results §3.4,Challenges an automatic bupropion-to-gating-deficit prediction; mouse PPI is not human P50 or depersonalization.,10.1016/j.ejphar.2013.07.046,https://pubmed.ncbi.nlm.nih.gov/23993950/,"circuit, seizure or sensory connection"
18922171,Silverstone PH et al. (2008),Convulsive liability of bupropion hydrochloride metabolites in Swiss albino mice.,"bupropion; hydroxy-, threo- and erythrohydrobupropion HCl",not separately resolved,convulsive outcome; no receptor assay,female Swiss albino mice; 10 per dose group,single intraperitoneal equimolar dosing; 2 h observation,Metabolites produced more convulsions than parent at the upper tested doses.,,,primary full-text methods and results,Methods; Table 1; Figure 1,"No individual enantiomer resolution or α7 mechanism. Doses were bupropion-HCl equivalents, not equal metabolite mass. Parent CD50 is extrapolated beyond tested range; discussion inconsistently says parent was not evaluated.",10.1186/1744-859X-7-19,https://pubmed.ncbi.nlm.nih.gov/18922171/,"circuit, seizure or sensory connection"
15363958,Tutka P et al. (2004),Convulsant and anticonvulsant effects of bupropion in mice.,bupropion,not separately resolved,seizure models; receptor cause unassigned,mice,"maximal electroshock, PTZ, kainate; bupropion dose-response",Lower doses protected against electroshock; higher doses were convulsant; no effect on PTZ/kainate outcomes.,,,primary abstract,Abstract,Dose/model dependence does not establish α7 mediation or justify therapeutic use against human seizures.,10.1016/j.ejphar.2004.07.105,https://pubmed.ncbi.nlm.nih.gov/15363958/,"circuit, seizure or sensory connection"
33912128,Sun P et al. (2021),Nicotinic Acetylcholine Receptor α7 Subunit Is an Essential Regulator of Seizure Susceptibility.,methyllycaconitine; PNU282987,not separately resolved,α7-associated hippocampal circuit,wild-type male mice; pilocarpine challenge; slices,local antagonist/agonist; firing recordings; immunostaining,α7 blockade shortened seizure latencies and increased pyramidal firing; agonist did not significantly improve these outcomes.,,,primary full-text methods and results,Methods; Results,"No bupropion. PV interpretation uses staining/pharmacology, not PV-specific genetic receptor deletion.",10.3389/fneur.2021.656752,https://pubmed.ncbi.nlm.nih.gov/33912128/,"circuit, seizure or sensory connection"
28232801,Iha HA et al. (2017),Nicotine Elicits Convulsive Seizures by Activating Amygdalar Neurons.,nicotine; methyllycaconitine,not separately resolved,α7-associated amygdala/seizure pathway,mice and rats,nicotine seizures; antagonist pretreatment; Fos; lesions and microinjection,MLA reduced nicotine-induced seizures; amygdala manipulations supported a role in this model.,,,primary indexed full-text methods and results,Methods; Results; Conclusion,"MLA 10 mg/kg systemic pretreatment is pharmacological attribution, not cell-specific genetic proof; not a bupropion experiment.",10.3389/fphar.2017.00057,https://pubmed.ncbi.nlm.nih.gov/28232801/,"circuit, seizure or sensory connection"
11834293,Franceschini D et al. (2002),Absence of alpha7-containing neuronal nicotinic acetylcholine receptors does not prevent nicotine-induced seizures.,nicotine; Chrna7 deletion,not separately resolved,α7 necessity for nicotine-induced seizures,"wild-type, heterozygous and α7-null mice",intraperitoneal nicotine dose-response,Seizure dose-response curves were similar across genotypes.,,,primary abstract,Abstract,Null result concerns this nicotine challenge; it does not establish no α7 role in every circuit or seizure model. Lifelong deletion differs from acute blockade.,10.1016/s0169-328x(01)00309-6,https://pubmed.ncbi.nlm.nih.gov/11834293/,"circuit, seizure or sensory connection"
10942032,Stitzel JA et al. (2000),Genetic and pharmacological strategies identify a behavioral function of neuronal nicotinic receptors.,nicotinic agonists; MLA; DHβE,not separately resolved,α7/α4-associated convulsive pathways,mice,intracerebroventricular pharmacology; strain genetics,MLA and DHβE did not block nicotine seizures and themselves caused seizures in this paradigm.,,,primary abstract,Abstract,Route and dose context differ from systemic antagonist studies; pharmacological labels alone do not demonstrate exclusive subtype mediation.,10.1016/s0166-4328(00)00200-x,https://pubmed.ncbi.nlm.nih.gov/10942032/,"circuit, seizure or sensory connection"
32770411,Banerjee J et al. (2020),α7 nicotinic receptors contributes to glutamatergic activity in the hippocampus of patients with mesial temporal lobe epilepsy with hippocampal sclerosis (MTLE-HS).,methyllycaconitine,not separately resolved,α7-associated glutamatergic activity,resected hippocampal tissue from patients with MTLE-HS,pyramidal-neuron electrophysiology,Antagonist altered frequency and amplitude of glutamatergic events.,,,primary abstract on publisher site,Abstract,"Full text unavailable; direction and size not resolved from abstract. Diseased human tissue, not bupropion exposure or depersonalization.",10.1007/s00702-020-02239-2,https://pubmed.ncbi.nlm.nih.gov/32770411/,"circuit, seizure or sensory connection"
10805668,Ji D et al. (2000),Inhibition and disinhibition of pyramidal neurons by activation of nicotinic receptors on hippocampal interneurons.,acetylcholine; MLA; mecamylamine,not separately resolved,nicotinic interneuron-to-pyramidal circuits,rat CA1 hippocampal slices,local agonist application; patch clamp,Nicotinic excitation of interneurons produced either inhibition or disinhibition of pyramidal neurons.,,,primary abstract,Abstract,Some currents were non-α7; net circuit sign depends on connections. No bupropion or human symptom measurement.,10.1152/jn.2000.83.5.2682,https://pubmed.ncbi.nlm.nih.gov/10805668/,"circuit, seizure or sensory connection"
11784770,Buhler AV et al. (2002),alpha7 nicotinic acetylcholine receptors on GABAergic interneurons evoke dendritic and somatic inhibition of hippocampal neurons.,acetylcholine; methyllycaconitine,not separately resolved,α7-dependent GABAergic circuits,hippocampal slices; connected neuronal pairs,paired recordings and anatomical reconstruction,MLA-sensitive somatic/dendritic inhibition of pyramidal cells and inhibition between interneurons.,,,primary abstract,Abstract,No direct pyramidal disinhibition observed in tested pairs; interneuron-to-interneuron inhibition suggests that possibility. No bupropion.,10.1152/jn.00316.2001,https://pubmed.ncbi.nlm.nih.gov/11784770/,"circuit, seizure or sensory connection"
17522313,Wanaverbecq N et al. (2007),Cholinergic axons modulate GABAergic signaling among hippocampal interneurons via postsynaptic alpha 7 nicotinic receptors.,acetylcholine/choline; endogenous cholinergic stimulation,not separately resolved,postsynaptic α7 modulation of GABAA responses,rat and guinea-pig hippocampal interneurons,patch clamp; cholinergic-axon stimulation,"α7 activation depressed GABAergic currents onto interneurons, with a small presynaptic release increase.",,,primary indexed full-text results,Results; Discussion,Postsynaptic currents onto inhibitory cells must not be equated to GABA output onto pyramidal neurons. No bupropion.,10.1523/JNEUROSCI.1732-07.2007,https://pubmed.ncbi.nlm.nih.gov/17522313/,"circuit, seizure or sensory connection"
16754836,Olincy A et al. (2006),Proof-of-concept trial of an alpha7 nicotinic agonist in schizophrenia.,DMXB-A,not separately resolved,α7-associated P50 gating,12 nonsmoking schizophrenia patients; antipsychotic treatment,randomized double-blind crossover,P50 inhibition improved during agonist treatment.,,,primary abstract and publisher methods,Abstract; Methods,"Small agonist trial in schizophrenia, not antagonist/metabolite study or depersonalization; does not imply symmetric effects of blockade.",10.1001/archpsyc.63.6.630,https://pubmed.ncbi.nlm.nih.gov/16754836/,"circuit, seizure or sensory connection"
22766391,Winterer G et al. (2013),Allosteric alpha-7 nicotinic receptor modulation and P50 sensory gating in schizophrenia: a proof-of-mechanism study.,JNJ-39393406,not separately resolved,α7 PAM and P50 gating,39 smoking male schizophrenia patients,randomized placebo-controlled four-way crossover,No improvement in P50 or other tested electrophysiological markers.,,,primary abstract,Abstract,Different compound and population from agonist studies; limits generalization without disproving all α7 effects.,10.1016/j.neuropharm.2012.06.040,https://pubmed.ncbi.nlm.nih.gov/22766391/,"circuit, seizure or sensory connection"
16767415,Radek RJ et al. (2006),Alpha4beta2 nicotinic receptor stimulation contributes to the effects of nicotine in the DBA/2 mouse model of sensory gating.,nicotine; DHβE; mecamylamine,not separately resolved,α4β2 and other nicotinic sensory-gating pathways,DBA/2 mice,hippocampal paired-click evoked potentials,α4β2 blockade removed nicotine enhancement of the first response; gating-ratio improvement partly persisted.,,,primary abstract,Abstract,Gating ratio is influenced by both responses; α7 is not the only nicotinic contributor.,10.1007/s00213-006-0394-3,https://pubmed.ncbi.nlm.nih.gov/16767415/,"circuit, seizure or sensory connection"
18830396,Dale KY et al. (2008),Dissociative identity disorder and prepulse inhibition of the acoustic startle reflex.,none; observational clinical comparison,not separately resolved,PPI and habituation; receptor unmeasured,8 DID; 8 other dissociative disorders; 13 controls,acoustic startle with passive/active attention,Depersonalization subgroup broadly resembled controls; prolonged PPI and absent habituation concerned DID.,,,primary indexed full-text methods and results,Participants; PPI Results; Discussion,"Only 2 had depersonalization alone, 6 also amnesia; small heterogeneous, medication-unmatched groups. Not P50 or α7 assay.",10.2147/ndt.s3006,https://pubmed.ncbi.nlm.nih.gov/18830396/,"circuit, seizure or sensory connection"
29486234,Schabinger N et al. (2018),Detached and distracted: ERP correlates of altered attentional function in depersonalisation.,none; observational clinical comparison,not separately resolved,visual attention; receptor unmeasured,DP versus anxiety/depression-matched psychosomatic patients,Posner task; visual ERPs,"Reduced suppression of unattended stimuli in the P1 interval, 135–150 ms.",,,primary abstract and institutional repository abstract,Abstract,Visual P1 is not auditory P50 or PPI; no α7 intervention or bupropion exposure.,10.1016/j.biopsycho.2018.02.014,https://pubmed.ncbi.nlm.nih.gov/29486234/,"circuit, seizure or sensory connection"
11566161,Croft RJ et al. (2001),"Associations of P50 suppression and desensitization with perceptual and cognitive features of ""unreality"" in schizotypy.",none; observational association,not separately resolved,P50 and schizotypy; receptor unmeasured,36 healthy volunteers,paired-click P50; schizotypy scales,Poorer P50 suppression correlated with perceptual anomalies and magical ideation.,,,primary abstract,Abstract,"Unreality here is a schizotypy construct, not diagnosed DPDR; correlation does not identify α7 or causation.",10.1016/s0006-3223(01)01082-4,https://pubmed.ncbi.nlm.nih.gov/11566161/,"circuit, seizure or sensory connection"
27382354,Park H et al. (2016),Effects of analgesics and antidepressants on TREK-2 and TRESK currents.,bupropion,not separately resolved,mouse TRESK; rat TREK-2,transfected HEK-293 cells,whole-cell patch clamp,Inhibited TRESK; no effect on TREK-2 under tested conditions.,160 ± 17,TRESK IC50 µM,primary full-text results and Figure 2,Results; Figure 2; Discussion,"Different channel species; no metabolite or alpha7 experiment, human target engagement, or seizure mediation demonstrated. Abstract and figure caption report different replicate counts; no pooled n inferred.",10.4196/kjpp.2016.20.4.379,https://pubmed.ncbi.nlm.nih.gov/27382354/,receptor and related pharmacology
27655963,Townsend M et al. (2016),α7-nAChR agonist enhances neural plasticity in the hippocampus via a GABAergic circuit.,FRM-17848; methyllycaconitine,not separately resolved,α7-associated GABAergic circuit; GABAA α5,rat septo-hippocampal slices and CA1 pyramidal neurons,field LTP and whole-cell recordings,Agonist increased GABA IPSC frequency and reduced evoked firing; 50 nM MLA increased evoked firing and blocked the agonist effect.,,,"primary full-text methods, results and figures","Methods; Figures 2, 5 and 6; Results","Supports a circuit link under these conditions; no bupropion, metabolite, depersonalization or seizure endpoint. Pharmacological attribution is not cell-specific genetic proof.",10.1152/jn.00243.2016,https://pubmed.ncbi.nlm.nih.gov/27655963/,"circuit, seizure or sensory connection"
26916207,Cremers TI et al. (2016),"Development of a Rat Plasma and Brain Extracellular Fluid Pharmacokinetic Model for Bupropion and Hydroxybupropion Based on Microdialysis Sampling, and Application to Predict Human Brain Concentrations.",bupropion; hydroxybupropion,not separately resolved,brain distribution; receptors not measured,rats; quantitative plasma and brain extracellular microdialysis,measured unbound concentrations with fitted compartmental model,Rat steady-state brain ECF/unbound-plasma ratio estimates 1.9 and 1.7; human exposure was predicted by translation.,1.9; 1.7,rat model-estimated brain ECF/unbound-plasma ratio,primary abstract,Abstract,Fitted ratios and translated human predictions are not measured human free-brain concentrations or alpha7 engagement; not stereoisomer-resolved in this record.,10.1124/dmd.115.068932,https://pubmed.ncbi.nlm.nih.gov/26916207/,published brain distribution evidence; no new exposure modeling
36823342,Bhattacharya CS et al. (2023),Characterization of the Stereoselective Disposition of Bupropion and Its Metabolites in Rat Plasma and Brain.,"bupropion; hydroxy-, threo- and erythro metabolites",parent enantiomers and metabolite stereoisomers resolved,brain distribution; receptors not measured,"rats given racemic parent or preformed S,S hydroxy metabolite",stereoselective LC-MS/MS plus companion equilibrium dialysis,Unbound brain/plasma ratios varied over time; at 4–6 h were below 1 for parent enantiomers and approximately 1 for formed metabolites.,,,primary abstract,Abstract,Rat exposure experiment using a different method from microdialysis; no measured human alpha7 engagement. Whole-brain total concentrations cannot be substituted for unbound concentrations.,10.1007/s13318-023-00817-9,https://pubmed.ncbi.nlm.nih.gov/36823342/,published brain distribution evidence; no new exposure modeling
31437864,Heydrich L et al. (2019),Depersonalization- and derealization-like phenomena of epileptic origin.,none; clinical observational series,not separately resolved,focal seizure networks; receptor unmeasured,9 ictal DP; 7 ictal DR; 28 experiential-symptom epilepsy controls,retrospective presurgical multimodal localization,Ictal DP was predominantly associated with frontal epilepsy; DR with temporal epilepsy.,,,primary full-text methods and results,Methods: Patients; Results; Discussion,Selected drug-resistant epilepsy population; simultaneous DP/DR excluded. No bupropion or alpha7 measurement; does not establish that primary DPDR is epilepsy or a dose continuum.,10.1002/acn3.50870,https://pubmed.ncbi.nlm.nih.gov/31437864/,"circuit, seizure or sensory connection"
24107760,Grunebaum MF et al. (2013),SSRI versus bupropion effects on symptom clusters in suicidal depression: post hoc analysis of a randomized clinical trial.,bupropion XL versus paroxetine CR,not separately resolved,clinical symptom factors; receptor unmeasured,74 depressed adults with current suicidal thoughts or past attempt,post hoc analysis of randomized double-blind 8-week trial,"No differential treatment effect on the Disturbed Thinking factor, which includes a DP/DR item.",,,primary indexed full-text results and figure footnote,Results; Figure 1 footnote b,"Composite also includes insight, paranoia and obsessions/compulsions. Not a separate DPDR efficacy/adverse-event analysis; null composite does not exclude individual DP/DR effects or test alpha7.",10.4088/JCP.12m08000,https://pubmed.ncbi.nlm.nih.gov/24107760/,"circuit, seizure or sensory connection"
26376812,Bertelsen B et al. (2015),Association Study of CHRNA7 Promoter Variants with Sensory and Sensorimotor Gating in Schizophrenia Patients and Healthy Controls: A Danish Case-Control Study.,CHRNA7 promoter variants,not separately resolved,CHRNA7; P50/PPI,95 antipsychotic-naive schizophrenia patients; 450 controls,genetic association and gating,Variant associated with schizophrenia but not P50 suppression or PPI; variants associated with startle magnitude.,,,primary abstract,Abstract,Genetic association and sensory registration are not proof of alpha7-dependent gating or bupropion effects.,10.1007/s12017-015-8371-9,https://pubmed.ncbi.nlm.nih.gov/26376812/,"circuit, seizure, sensory or competing-mechanism evidence"
22048129,Turetsky BI et al. (2012),P50 amplitude reduction: a nicotinic receptor-mediated deficit in first-degree relatives of schizophrenia patients.,nicotine,not separately resolved,nicotinic sensory registration,relatives/controls and smokers,double-blind nicotine/placebo P50 tests,Relatives showed reduced initial P50 amplitude with normal gating; nicotine effects depended on smoking/withdrawal state.,,,primary abstract,Abstract,Initial-response amplitude differs from gating; nicotine is not alpha7 selective.,10.1007/s00213-011-2544-5,https://pubmed.ncbi.nlm.nih.gov/22048129/,"circuit, seizure, sensory or competing-mechanism evidence"
26032639,Kohlhaas KL et al. (2015),Nicotinic modulation of auditory evoked potential electroencephalography in a rodent neurodevelopmental model of schizophrenia.,nicotine; ABT-107,not separately resolved,nicotinic AEP modulation,MAM-exposed male rats,N40 gating and mismatch negativity,Strong trend for N40 improvement; significant mismatch-negativity improvement with ABT-107.,,,primary abstract,Abstract,Trend is not a significant gating rescue; no bupropion or depersonalization.,10.1016/j.bcp.2015.05.011,https://pubmed.ncbi.nlm.nih.gov/26032639/,"circuit, seizure, sensory or competing-mechanism evidence"
30790597,Choueiry J et al. (2019),"Combining CDP-choline and galantamine, an optimized α7 nicotinic strategy, to ameliorate sensory gating to speech stimuli in schizophrenia.",CDP-choline plus galantamine,not separately resolved,cholinergic P50 modulation,24 schizophrenia patients,randomized double-blind placebo-controlled pilot,Combination improved speech P50 measures in low suppressors.,,,primary abstract,Abstract,Subgroup and mixed cholinergic intervention; not isolated alpha7 causality.,10.1016/j.ijpsycho.2019.02.005,https://pubmed.ncbi.nlm.nih.gov/30790597/,"circuit, seizure, sensory or competing-mechanism evidence"
20573264,Shiina A et al. (2010),"A randomised, double-blind, placebo-controlled trial of tropisetron in patients with schizophrenia.",tropisetron,not separately resolved,alpha7-associated/5-HT3 pharmacology,40 randomized schizophrenia patients; 33 completed,8-week adjunctive placebo-controlled trial,P50 improvement reported in nonsmoking subgroup.,,,primary abstract,Abstract,Tropisetron has 5-HT3 activity; subgroup clinical finding is not a bupropion or DPDR experiment.,10.1186/1744-859X-9-27,https://pubmed.ncbi.nlm.nih.gov/20573264/,"circuit, seizure, sensory or competing-mechanism evidence"
10942040,Albuquerque EX et al. (2000),Neuronal nicotinic receptors in synaptic functions in humans and rats: physiological and clinical relevance.,acetylcholine; choline,not separately resolved,alpha7-like and alpha4beta2-like receptors,human cortical and rat hippocampal slices,patch clamp,Interneuron nicotinic activation triggers GABA release; circuit effects can inhibit or disinhibit pyramidal neurons.,,,primary abstract,Abstract,Receptor subtype and target-cell connections determine sign; no metabolite pharmacology.,10.1016/s0166-4328(00)00208-4,https://pubmed.ncbi.nlm.nih.gov/10942040/,"circuit, seizure, sensory or competing-mechanism evidence"
19176636,Lucas-Meunier E et al. (2009),Involvement of nicotinic and muscarinic receptors in the endogenous cholinergic modulation of the balance between excitation and inhibition in the young rat visual cortex.,cholinergic agonists and antagonists,not separately resolved,alpha4beta2 and alpha*beta4 pathways,young rat visual cortex,layer-1 stimulation; whole-cell conductance,Endogenous ACh enhanced inhibitory dominance; alpha4beta2 blockade depressed inhibition.,,,primary abstract,Abstract,Supports cholinergic control but cannot be cited as a specifically alpha7/PV result.,10.1093/cercor/bhn258,https://pubmed.ncbi.nlm.nih.gov/19176636/,"circuit, seizure, sensory or competing-mechanism evidence"
25047645,Almeida-Suhett CP et al. (2014),Reduced GABAergic inhibition in the basolateral amygdala and the development of anxiety-like behaviors after mild traumatic brain injury.,mild controlled cortical impact,not separately resolved,GABA and alpha7-containing responses,rat basolateral amygdala,patch clamp; receptor expression; behavior,After injury inhibition declined but alpha7-mediated currents and surface expression increased.,,,primary abstract,Abstract,"Opposes labeling this as alpha7 loss; injury, principal-cell excitation and interneuron loss differ from acute drug action.",10.1371/journal.pone.0102627,https://pubmed.ncbi.nlm.nih.gov/25047645/,"circuit, seizure, sensory or competing-mechanism evidence"
27313548,Medford N et al. (2016),Emotional Experience and Awareness of Self: Functional MRI Studies of Depersonalization Disorder.,clinical treatment follow-up,not separately resolved,emotional/interoceptive networks; receptor unmeasured,14 primary DPD patients; 25 controls; 10 rescanned,fMRI and skin conductance; uncontrolled treatment follow-up,Reduced insula response associated with emotional numbing; improvement associated with increased insula activity.,,,primary abstract and Scite full-text methods,Abstract; Participants and methods,Small study; no blinded placebo treatment trial; not an alpha7 or bupropion test. Regional fMRI cannot be read as cellular E/I.,10.3389/fpsyg.2016.00432,https://pubmed.ncbi.nlm.nih.gov/27313548/,"circuit, seizure, sensory or competing-mechanism evidence"
39935045,Jia Y et al. (2025),Altered Self-Referential-Related Brain Regions in Depersonalization-Derealization Disorder.,none,not separately resolved,self-referential networks; receptor unmeasured,DPD patients and controls,resting-state fMRI connectivity,Altered insula/cortical-midline connectivity correlated with symptom dimensions.,,,primary abstract,Abstract,"Cross-sectional association, not receptor mechanism; classification accuracy not a validated causal biomarker.",10.1002/brb3.70314,https://pubmed.ncbi.nlm.nih.gov/39935045/,"circuit, seizure, sensory or competing-mechanism evidence"
24967634,Sedeño L et al. (2014),"How do you feel when you can't feel your body? Interoception, functional connectivity and emotional processing in depersonalization-derealization disorder.",none,not separately resolved,interoception; receptor unmeasured,one DD patient and controls,heartbeat detection and fMRI connectivity,Patient showed impaired heartbeat task performance and reduced connectivity in interoceptive state.,,,primary abstract; Consensus record fetched,Abstract,Single-case evidence cannot establish a universal DPDR mechanism.,10.1371/journal.pone.0098769,https://pubmed.ncbi.nlm.nih.gov/24967634/,"circuit, seizure, sensory or competing-mechanism evidence"
40140526,Wang Y et al. (2025),Huperzine A attenuates epileptic seizures via enhancing dCA1-projecting septal cholinergic transmission.,huperzine A; MLA,not separately resolved,septal-dCA1 cholinergic circuit; alpha7-associated,mouse seizure models,"cholinergic-cell ablation, fiber photometry and regional pharmacology",Hup A reduced seizures; septal cholinergic ablation and alpha7 pharmacological interference reversed protection.,,,primary abstract and indexed methods/results,Methods; Results; Figure 6,Ablated cells were cholinergic; this is not alpha7 deletion specifically in PV or SST cells. No bupropion.,10.1038/s41401-025-01522-w,https://pubmed.ncbi.nlm.nih.gov/40140526/,"circuit, seizure, sensory or competing-mechanism evidence"
24004528,Pidoplichko VI et al. (2013),α7-Containing nicotinic acetylcholine receptors on interneurons of the basolateral amygdala and their role in the regulation of the network excitability.,choline; alpha7 antagonists,not separately resolved,alpha7-containing BLA receptors,rat amygdala slices,whole-cell synaptic recordings,Basal alpha7 activity supports inhibition; agonism increased inhibition more than excitation under tested conditions.,,,primary abstract; Scite record,Abstract,Circuit-specific net effect; does not establish drug-induced symptoms.,10.1152/jn.01030.2012,https://pubmed.ncbi.nlm.nih.gov/24004528/,"circuit, seizure, sensory or competing-mechanism evidence"
22314319,Adams CE et al. (2012),Reduced Chrna7 expression in mice is associated with decreases in hippocampal markers of inhibitory function: implications for neuropsychiatric diseases.,Chrna7 heterozygous deletion,not separately resolved,hippocampal inhibitory markers,C3H mice,biochemical inhibitory-marker assays,Reduced GAD65 and sex-dependent GABAA-receptor changes; GABA content unchanged.,,,primary abstract,Abstract,Developmental gene dosage differs from acute antagonism; no bupropion or clinical dissociation.,10.1016/j.neuroscience.2012.01.033,https://pubmed.ncbi.nlm.nih.gov/22314319/,"circuit, seizure, sensory or competing-mechanism evidence"
11893908,Gil Z et al. (2002),Increased sensitivity to nicotine-induced seizures in mice heterozygous for the L250T mutation in the alpha7 nicotinic acetylcholine receptor.,nicotine; MLA; alpha7 L250T mutation,not separately resolved,gain-of-function alpha7,heterozygous mutant mice,seizure behavior and EEG,Mutants had greater nicotine seizure sensitivity; MLA inhibited induced seizures.,,,primary abstract,Abstract,Shows activation can be proconvulsant in a different condition; not a wild-type bupropion experiment.,10.1097/00001756-200202110-00004,https://pubmed.ncbi.nlm.nih.gov/11893908/,"circuit, seizure, sensory or competing-mechanism evidence"
28045139,Yin J et al. (2017),Chrna7 deficient mice manifest no consistent neuropsychiatric and behavioral phenotypes.,Chrna7 deficiency,not separately resolved,alpha7 gene dosage,mice,12 behavioral assessments and freely moving EEG,No consistent behavioral/EEG phenotype detected with decreased Chrna7 copy number.,,,primary abstract and retrieved full text,Abstract; Results; Discussion,Retain null results; strain and developmental compensation limit transfer to acute drug blockade.,10.1038/srep39941,https://pubmed.ncbi.nlm.nih.gov/28045139/,"circuit, seizure, sensory or competing-mechanism evidence"
33711021,Zapukhliak O et al. (2021),Mecamylamine inhibits seizure-like activity in CA1-CA3 hippocampus through antagonism to nicotinic receptors.,mecamylamine; MLA; DHbetaE,not separately resolved,nicotinic hippocampal networks,CA1-CA3 slices,epileptiform field-potential recordings,Mecamylamine blocked discharges; alpha7 and alpha4beta2 antagonists did not.,,,primary abstract,Abstract,Pharmacological isolation and seizure-like slice activity differ from intact-brain drug seizures.,10.1371/journal.pone.0240074,https://pubmed.ncbi.nlm.nih.gov/33711021/,"circuit, seizure, sensory or competing-mechanism evidence"
31917144,Sharma NK et al. (2020),Exploring the ameliorative role of α7 neuronal nicotinic acetylcholine receptor modulation in epilepsy and associated comorbidities in post-PTZ-kindled mice.,choline; MLA,not separately resolved,alpha7-associated pathways,PTZ-kindled mice,behavior and neurochemistry,Choline ameliorated severity and comorbid behaviors; MLA did not ameliorate them.,,,primary abstract,Abstract,An absence of improvement is not demonstrated worsening; ligands and metabolic actions need specificity controls.,10.1016/j.yebeh.2019.106862,https://pubmed.ncbi.nlm.nih.gov/31917144/,"circuit, seizure, sensory or competing-mechanism evidence"
34248648,Zheng JJ et al. (2021),Cytisine Exerts an Anti-Epileptic Effect via α7nAChRs in a Rat Model of Temporal Lobe Epilepsy.,cytisine; alpha-bungarotoxin,not separately resolved,alpha7-associated and alpha4beta2 pharmacology,pilocarpine TLE rats,three-week treatment and video seizure monitoring,Cytisine reduced seizures; antagonist opposed effects; glutamate declined while bulk GABA did not change.,,,primary abstract,Abstract,Mixed-target drug; bulk transmitter content does not measure inhibitory synaptic flux. Related research program to tropisetron study.,10.3389/fphar.2021.706225,https://pubmed.ncbi.nlm.nih.gov/34248648/,"circuit, seizure, sensory or competing-mechanism evidence"
39445711,Qian X et al. (2024),"Tropisetron, an Antiemetic Drug, Exerts an Anti-Epileptic Effect Through the Activation of α7nAChRs in a Rat Model of Temporal Lobe Epilepsy.",tropisetron; alpha-bungarotoxin,not separately resolved,alpha7-associated and 5-HT3 pharmacology,pilocarpine TLE rats,three-week treatment and video seizure monitoring,Tropisetron reduced recurrent seizures and glutamate; measured GABA content unchanged.,,,primary abstract,Abstract,Pharmacological attribution with mixed-target ligand; not direct proof of an alpha7-GABA-bupropion chain.,10.1111/cns.70086,https://pubmed.ncbi.nlm.nih.gov/39445711/,"circuit, seizure, sensory or competing-mechanism evidence"
31987494,Wang Y et al. (2020),Direct Septum-Hippocampus Cholinergic Circuit Attenuates Seizure Through Driving Somatostatin Inhibition.,septal cholinergic and hippocampal cell manipulations,not separately resolved,MS-hippocampus circuit; SST vs PV,42 TLE patients/22 controls for imaging; separate mouse models,imaging; optogenetics/chemogenetics; electrophysiology and tracing,"Cholinergic activation reduced mouse seizures; silencing SST, but not PV, cells reversed protection.",,,primary publisher abstract,Abstract,Human imaging is observational; mouse causal cell-type result does not establish alpha7 as sole receptor or transfer to bupropion.,10.1016/j.biopsych.2019.11.014,https://pubmed.ncbi.nlm.nih.gov/31987494/,"circuit, seizure, sensory or competing-mechanism evidence"
39534684,Bällgren F et al. (2024),Region-independent active CNS net uptake of marketed H+/OC antiporter system substrates.,bupropion,not separately resolved,brain distribution; no receptor assay,rats at steady state,regional concentration/binding and brain-slice uptake measurements,Estimated whole-brain unbound/plasma ratio 1.94 ± 0.57; active uptake and intracellular trapping were distinguished.,1.94 ± 0.57,"Kp,uu whole brain (mean ± SD)",primary indexed full-text results and Table 3,Results; Tables 2–3,Rat parent drug; not metabolite-specific human alpha7 engagement. No new exposure calculation made.,10.3389/fncel.2024.1493644,https://pubmed.ncbi.nlm.nih.gov/39534684/,published brain distribution evidence; no new exposure modeling
15150531,Kobayashi T et al. (2004),Inhibition of G protein-activated inwardly rectifying K+ channels by various antidepressant drugs.,bupropion comparator,not separately resolved,GIRK potassium channels,expressed channels in Xenopus oocytes,current recording,Bupropion was an exception to inhibition observed with several other antidepressants.,,,primary abstract,Abstract,Retain negative target evidence; other potassium-channel findings do not imply all K channels are inhibited.,10.1038/sj.npp.1300484,https://pubmed.ncbi.nlm.nih.gov/15150531/,"circuit, seizure, sensory or competing-mechanism evidence"
15338101,Pouzet B et al. (2005),Effects of acute treatment with antidepressant drugs on sensorimotor gating deficits in rats.,bupropion,not separately resolved,sensorimotor gating; receptor cause unassigned,rats with amphetamine/PCP-disrupted PPI,acute pharmacological comparison,Bupropion did not reverse either tested PPI deficit.,,,primary abstract,Abstract,Failure to rescue induced deficits is not evidence that bupropion causes a deficit.,10.1007/s00213-004-1976-6,https://pubmed.ncbi.nlm.nih.gov/15338101/,"circuit, seizure, sensory or competing-mechanism evidence"
15866510,Tutka P et al. (2005),Bupropion-induced convulsions: preclinical evaluation of antiepileptic drugs.,bupropion and anticonvulsant comparators,not separately resolved,convulsions; receptor cause unassigned,mice,anticonvulsant protection screen,Some drugs protected against bupropion-induced convulsions; others failed despite motor impairment.,,,primary abstract,Abstract,Seizure suppression by GABA-related treatment cannot identify the initiating bupropion target; not clinical efficacy guidance.,10.1016/j.eplepsyres.2005.01.006,https://pubmed.ncbi.nlm.nih.gov/15866510/,"circuit, seizure, sensory or competing-mechanism evidence"
36174836,Shi Y et al. (2022),Selective deuteration of bupropion slows epimerization and reduces metabolism.,deuterated bupropion analogues,not separately resolved,metabolism and epimerization,"CYP2B6, microsomes and hepatocytes",synthesis and metabolism assays,Deuteration reduced metabolite formation and slowed racemization.,,,primary abstract,Abstract,Analogues are not human metabolites; proposed reduced toxicity was not established by the metabolism measurements.,10.1016/j.bmcl.2022.129009,https://pubmed.ncbi.nlm.nih.gov/36174836/,"circuit, seizure, sensory or competing-mechanism evidence"
