batch,tag,species,form,region_box,receptor,seed,mode_rank,is_rank1,n_pairs_below_2p2A,min_receptor_dist_A,location_class,note
main,met_EGLUC_1R2S__zwitterion_carboxylate_ammonium__ortho_8V82_s20240601,EGLUC_1R2S,zwitterion_carboxylate_ammonium,ortho,8V82,20240601,2,False,1,2.17,off_site,"geometry short-contact flag on a modeled pose; NOT a failed exit, NOT binding evidence; retained, never promoted or removed"
main,met_EGLUC_1R2S__zwitterion_carboxylate_ammonium__ortho_8V82_s20240601,EGLUC_1R2S,zwitterion_carboxylate_ammonium,ortho,8V82,20240601,6,False,2,2.07,off_site,"geometry short-contact flag on a modeled pose; NOT a failed exit, NOT binding evidence; retained, never promoted or removed"
main,met_EGLUC_1R2S__zwitterion_carboxylate_ammonium__ortho_8V82_s20240602,EGLUC_1R2S,zwitterion_carboxylate_ammonium,ortho,8V82,20240602,5,False,2,2.12,off_site,"geometry short-contact flag on a modeled pose; NOT a failed exit, NOT binding evidence; retained, never promoted or removed"
main,met_EGLUC_1S2R__zwitterion_carboxylate_ammonium__ortho_8V82_s20240601,EGLUC_1S2R,zwitterion_carboxylate_ammonium,ortho,8V82,20240601,5,False,1,2.19,off_site,"geometry short-contact flag on a modeled pose; NOT a failed exit, NOT binding evidence; retained, never promoted or removed"
main,met_EGLUC_1S2R__zwitterion_carboxylate_ammonium__ortho_8V82_s20240601,EGLUC_1S2R,zwitterion_carboxylate_ammonium,ortho,8V82,20240601,6,False,1,2.07,off_site,"geometry short-contact flag on a modeled pose; NOT a failed exit, NOT binding evidence; retained, never promoted or removed"
main,met_EGLUC_1S2R__zwitterion_carboxylate_ammonium__ortho_8V82_s20240601,EGLUC_1S2R,zwitterion_carboxylate_ammonium,ortho,8V82,20240601,8,False,1,2.09,off_site,"geometry short-contact flag on a modeled pose; NOT a failed exit, NOT binding evidence; retained, never promoted or removed"
main,met_EGLUC_1S2R__zwitterion_carboxylate_ammonium__ortho_8V82_s20240601,EGLUC_1S2R,zwitterion_carboxylate_ammonium,ortho,8V82,20240601,9,False,2,1.86,off_site,"geometry short-contact flag on a modeled pose; NOT a failed exit, NOT binding evidence; retained, never promoted or removed"
main,met_EGLUC_1S2R__zwitterion_carboxylate_ammonium__ortho_8V82_s20240602,EGLUC_1S2R,zwitterion_carboxylate_ammonium,ortho,8V82,20240602,7,False,1,2.1,off_site,"geometry short-contact flag on a modeled pose; NOT a failed exit, NOT binding evidence; retained, never promoted or removed"
main,met_EGLUC_1S2R__zwitterion_carboxylate_ammonium__ortho_8V82_s20240602,EGLUC_1S2R,zwitterion_carboxylate_ammonium,ortho,8V82,20240602,9,False,2,1.88,off_site,"geometry short-contact flag on a modeled pose; NOT a failed exit, NOT binding evidence; retained, never promoted or removed"
main,met_EGLUC_1S2R__zwitterion_carboxylate_ammonium__ortho_8V82_s20240603,EGLUC_1S2R,zwitterion_carboxylate_ammonium,ortho,8V82,20240603,6,False,1,2.2,off_site,"geometry short-contact flag on a modeled pose; NOT a failed exit, NOT binding evidence; retained, never promoted or removed"
main,met_EGLUC_1S2R__zwitterion_carboxylate_ammonium__ortho_8V82_s20240603,EGLUC_1S2R,zwitterion_carboxylate_ammonium,ortho,8V82,20240603,7,False,1,2.09,off_site,"geometry short-contact flag on a modeled pose; NOT a failed exit, NOT binding evidence; retained, never promoted or removed"
main,met_EGLUC_1S2R__zwitterion_carboxylate_ammonium__ortho_8V82_s20240603,EGLUC_1S2R,zwitterion_carboxylate_ammonium,ortho,8V82,20240603,9,False,1,2.11,off_site,"geometry short-contact flag on a modeled pose; NOT a failed exit, NOT binding evidence; retained, never promoted or removed"
main,met_EGLUC_1S2R__zwitterion_carboxylate_ammonium__ortho_8V82_s20240603,EGLUC_1S2R,zwitterion_carboxylate_ammonium,ortho,8V82,20240603,11,False,2,1.89,off_site,"geometry short-contact flag on a modeled pose; NOT a failed exit, NOT binding evidence; retained, never promoted or removed"
main,met_HB_2R3R__amine_cation__ortho_8V82_s20240601,HB_2R3R,amine_cation,ortho,8V82,20240601,10,False,1,1.89,off_site,"geometry short-contact flag on a modeled pose; NOT a failed exit, NOT binding evidence; retained, never promoted or removed"
main,met_HB_2R3R__amine_cation__ortho_8V82_s20240601,HB_2R3R,amine_cation,ortho,8V82,20240601,12,False,1,1.93,off_site,"geometry short-contact flag on a modeled pose; NOT a failed exit, NOT binding evidence; retained, never promoted or removed"
main,met_HB_2R3R__amine_cation__ortho_8V82_s20240602,HB_2R3R,amine_cation,ortho,8V82,20240602,7,False,1,1.89,off_site,"geometry short-contact flag on a modeled pose; NOT a failed exit, NOT binding evidence; retained, never promoted or removed"
main,met_HB_2R3R__amine_cation__ortho_8V82_s20240602,HB_2R3R,amine_cation,ortho,8V82,20240602,8,False,1,1.9,off_site,"geometry short-contact flag on a modeled pose; NOT a failed exit, NOT binding evidence; retained, never promoted or removed"
main,met_HB_2R3R__amine_cation__ortho_8V82_s20240603,HB_2R3R,amine_cation,ortho,8V82,20240603,8,False,1,1.9,off_site,"geometry short-contact flag on a modeled pose; NOT a failed exit, NOT binding evidence; retained, never promoted or removed"
main,met_HB_2R3R__amine_cation__ortho_8V82_s20240603,HB_2R3R,amine_cation,ortho,8V82,20240603,9,False,1,1.93,off_site,"geometry short-contact flag on a modeled pose; NOT a failed exit, NOT binding evidence; retained, never promoted or removed"
main,met_HB_2S3S__amine_cation__ortho_8V82_s20240601,HB_2S3S,amine_cation,ortho,8V82,20240601,11,False,1,2.19,off_site,"geometry short-contact flag on a modeled pose; NOT a failed exit, NOT binding evidence; retained, never promoted or removed"
main,met_HB_2S3S__amine_cation__ortho_8V8A_s20240601,HB_2S3S,amine_cation,ortho,8V8A,20240601,16,False,1,2.12,off_site,"geometry short-contact flag on a modeled pose; NOT a failed exit, NOT binding evidence; retained, never promoted or removed"
main,met_HB_2S3S__amine_cation__ortho_8V8A_s20240602,HB_2S3S,amine_cation,ortho,8V8A,20240602,12,False,1,2.14,off_site,"geometry short-contact flag on a modeled pose; NOT a failed exit, NOT binding evidence; retained, never promoted or removed"
main,met_HB_2S3S__amine_cation__ortho_8V8A_s20240603,HB_2S3S,amine_cation,ortho,8V8A,20240603,17,False,1,2.13,off_site,"geometry short-contact flag on a modeled pose; NOT a failed exit, NOT binding evidence; retained, never promoted or removed"
main,met_HB_2S3S__neutral__ortho_8V8A_s20240602,HB_2S3S,neutral,ortho,8V8A,20240602,15,False,1,2.04,off_site,"geometry short-contact flag on a modeled pose; NOT a failed exit, NOT binding evidence; retained, never promoted or removed"
main,met_T4pOH_1R2R__amine_cation__ortho_8V82_s20240601,T4pOH_1R2R,amine_cation,ortho,8V82,20240601,9,False,1,2.13,off_site,"geometry short-contact flag on a modeled pose; NOT a failed exit, NOT binding evidence; retained, never promoted or removed"
main,met_T4pOH_1R2R__amine_cation__ortho_8V82_s20240602,T4pOH_1R2R,amine_cation,ortho,8V82,20240602,11,False,1,2.14,off_site,"geometry short-contact flag on a modeled pose; NOT a failed exit, NOT binding evidence; retained, never promoted or removed"
main,met_T4pOH_1R2R__amine_cation__ortho_8V82_s20240603,T4pOH_1R2R,amine_cation,ortho,8V82,20240603,9,False,1,2.12,off_site,"geometry short-contact flag on a modeled pose; NOT a failed exit, NOT binding evidence; retained, never promoted or removed"
main,met_TGLUC_1R2R__zwitterion_carboxylate_ammonium__ortho_8V8A_s20240601,TGLUC_1R2R,zwitterion_carboxylate_ammonium,ortho,8V8A,20240601,4,False,1,2.05,off_site,"geometry short-contact flag on a modeled pose; NOT a failed exit, NOT binding evidence; retained, never promoted or removed"
main,met_TGLUC_1S2S__zwitterion_carboxylate_ammonium__ortho_8V82_s20240601,TGLUC_1S2S,zwitterion_carboxylate_ammonium,ortho,8V82,20240601,1,True,1,2.0,off_site,"geometry short-contact flag on a modeled pose; NOT a failed exit, NOT binding evidence; retained, never promoted or removed"
main,met_TGLUC_1S2S__zwitterion_carboxylate_ammonium__ortho_8V82_s20240601,TGLUC_1S2S,zwitterion_carboxylate_ammonium,ortho,8V82,20240601,3,False,1,2.17,off_site,"geometry short-contact flag on a modeled pose; NOT a failed exit, NOT binding evidence; retained, never promoted or removed"
main,met_TGLUC_1S2S__zwitterion_carboxylate_ammonium__ortho_8V82_s20240602,TGLUC_1S2S,zwitterion_carboxylate_ammonium,ortho,8V82,20240602,1,True,1,1.99,off_site,"geometry short-contact flag on a modeled pose; NOT a failed exit, NOT binding evidence; retained, never promoted or removed"
main,met_TGLUC_1S2S__zwitterion_carboxylate_ammonium__ortho_8V82_s20240602,TGLUC_1S2S,zwitterion_carboxylate_ammonium,ortho,8V82,20240602,3,False,1,2.16,off_site,"geometry short-contact flag on a modeled pose; NOT a failed exit, NOT binding evidence; retained, never promoted or removed"
main,met_TGLUC_1S2S__zwitterion_carboxylate_ammonium__ortho_8V82_s20240602,TGLUC_1S2S,zwitterion_carboxylate_ammonium,ortho,8V82,20240602,6,False,1,2.19,off_site,"geometry short-contact flag on a modeled pose; NOT a failed exit, NOT binding evidence; retained, never promoted or removed"
main,met_TGLUC_1S2S__zwitterion_carboxylate_ammonium__ortho_8V82_s20240602,TGLUC_1S2S,zwitterion_carboxylate_ammonium,ortho,8V82,20240602,7,False,2,2.01,off_site,"geometry short-contact flag on a modeled pose; NOT a failed exit, NOT binding evidence; retained, never promoted or removed"
main,met_TGLUC_1S2S__zwitterion_carboxylate_ammonium__ortho_8V82_s20240602,TGLUC_1S2S,zwitterion_carboxylate_ammonium,ortho,8V82,20240602,8,False,1,2.15,off_site,"geometry short-contact flag on a modeled pose; NOT a failed exit, NOT binding evidence; retained, never promoted or removed"
main,met_TGLUC_1S2S__zwitterion_carboxylate_ammonium__ortho_8V82_s20240603,TGLUC_1S2S,zwitterion_carboxylate_ammonium,ortho,8V82,20240603,1,True,1,1.99,off_site,"geometry short-contact flag on a modeled pose; NOT a failed exit, NOT binding evidence; retained, never promoted or removed"
main,met_TGLUC_1S2S__zwitterion_carboxylate_ammonium__ortho_8V82_s20240603,TGLUC_1S2S,zwitterion_carboxylate_ammonium,ortho,8V82,20240603,3,False,1,2.18,off_site,"geometry short-contact flag on a modeled pose; NOT a failed exit, NOT binding evidence; retained, never promoted or removed"
main,met_TGLUC_1S2S__zwitterion_carboxylate_ammonium__ortho_8V82_s20240603,TGLUC_1S2S,zwitterion_carboxylate_ammonium,ortho,8V82,20240603,4,False,1,1.84,off_site,"geometry short-contact flag on a modeled pose; NOT a failed exit, NOT binding evidence; retained, never promoted or removed"
main,met_TGLUC_1S2S__zwitterion_carboxylate_ammonium__ortho_8V8A_s20240601,TGLUC_1S2S,zwitterion_carboxylate_ammonium,ortho,8V8A,20240601,9,False,1,2.14,off_site,"geometry short-contact flag on a modeled pose; NOT a failed exit, NOT binding evidence; retained, never promoted or removed"
main,met_TGLUC_1S2S__zwitterion_carboxylate_ammonium__ortho_8V8A_s20240602,TGLUC_1S2S,zwitterion_carboxylate_ammonium,ortho,8V8A,20240602,1,True,1,1.96,off_site,"geometry short-contact flag on a modeled pose; NOT a failed exit, NOT binding evidence; retained, never promoted or removed"
main,met_TGLUC_1S2S__zwitterion_carboxylate_ammonium__ortho_8V8A_s20240602,TGLUC_1S2S,zwitterion_carboxylate_ammonium,ortho,8V8A,20240602,4,False,2,2.14,off_site,"geometry short-contact flag on a modeled pose; NOT a failed exit, NOT binding evidence; retained, never promoted or removed"
main,met_TGLUC_1S2S__zwitterion_carboxylate_ammonium__ortho_8V8A_s20240603,TGLUC_1S2S,zwitterion_carboxylate_ammonium,ortho,8V8A,20240603,1,True,1,1.85,off_site,"geometry short-contact flag on a modeled pose; NOT a failed exit, NOT binding evidence; retained, never promoted or removed"
main,met_TGLUC_1S2S__zwitterion_carboxylate_ammonium__ortho_8V8A_s20240603,TGLUC_1S2S,zwitterion_carboxylate_ammonium,ortho,8V8A,20240603,2,False,1,1.95,off_site,"geometry short-contact flag on a modeled pose; NOT a failed exit, NOT binding evidence; retained, never promoted or removed"
main,met_TGLUC_1S2S__zwitterion_carboxylate_ammonium__ortho_8V8A_s20240603,TGLUC_1S2S,zwitterion_carboxylate_ammonium,ortho,8V8A,20240603,4,False,1,2.2,off_site,"geometry short-contact flag on a modeled pose; NOT a failed exit, NOT binding evidence; retained, never promoted or removed"
main,met_THB_1R2R__amine_cation__ortho_8V82_s20240601,THB_1R2R,amine_cation,ortho,8V82,20240601,13,False,1,2.19,off_site,"geometry short-contact flag on a modeled pose; NOT a failed exit, NOT binding evidence; retained, never promoted or removed"
main,met_THB_1R2R__amine_cation__ortho_8V82_s20240602,THB_1R2R,amine_cation,ortho,8V82,20240602,12,False,1,2.08,off_site,"geometry short-contact flag on a modeled pose; NOT a failed exit, NOT binding evidence; retained, never promoted or removed"
main,met_THB_1R2R__amine_cation__ortho_8V82_s20240603,THB_1R2R,amine_cation,ortho,8V82,20240603,12,False,1,2.19,off_site,"geometry short-contact flag on a modeled pose; NOT a failed exit, NOT binding evidence; retained, never promoted or removed"
main,met_THB_1S2S__amine_cation__ortho_8V8A_s20240601,THB_1S2S,amine_cation,ortho,8V8A,20240601,11,False,1,2.16,off_site,"geometry short-contact flag on a modeled pose; NOT a failed exit, NOT binding evidence; retained, never promoted or removed"
main,met_THB_1S2S__amine_cation__ortho_8V8A_s20240602,THB_1S2S,amine_cation,ortho,8V8A,20240602,10,False,1,2.17,off_site,"geometry short-contact flag on a modeled pose; NOT a failed exit, NOT binding evidence; retained, never promoted or removed"
main,met_THB_1S2S__amine_cation__ortho_8V8A_s20240603,THB_1S2S,amine_cation,ortho,8V8A,20240603,8,False,1,2.18,off_site,"geometry short-contact flag on a modeled pose; NOT a failed exit, NOT binding evidence; retained, never promoted or removed"
main,met_THB_1S2S__amine_cation__ortho_8V8A_s20240603,THB_1S2S,amine_cation,ortho,8V8A,20240603,14,False,1,1.98,off_site,"geometry short-contact flag on a modeled pose; NOT a failed exit, NOT binding evidence; retained, never promoted or removed"
supplement,hboglu_HB_2R3R_OGLU__net0_zwitterion__ortho_8V82_s20240601,HB_2R3R_OGLU,net0_zwitterion,ortho,8V82,20240601,1,True,1,1.98,off_site,"geometry short-contact flag on a modeled pose; NOT a failed exit, NOT binding evidence; retained, never promoted or removed"
supplement,hboglu_HB_2R3R_OGLU__net0_zwitterion__ortho_8V82_s20240601,HB_2R3R_OGLU,net0_zwitterion,ortho,8V82,20240601,3,False,1,2.12,off_site,"geometry short-contact flag on a modeled pose; NOT a failed exit, NOT binding evidence; retained, never promoted or removed"
supplement,hboglu_HB_2R3R_OGLU__net0_zwitterion__ortho_8V82_s20240601,HB_2R3R_OGLU,net0_zwitterion,ortho,8V82,20240601,5,False,2,2.14,off_site,"geometry short-contact flag on a modeled pose; NOT a failed exit, NOT binding evidence; retained, never promoted or removed"
supplement,hboglu_HB_2R3R_OGLU__net0_zwitterion__ortho_8V82_s20240601,HB_2R3R_OGLU,net0_zwitterion,ortho,8V82,20240601,6,False,1,2.11,off_site,"geometry short-contact flag on a modeled pose; NOT a failed exit, NOT binding evidence; retained, never promoted or removed"
supplement,hboglu_HB_2R3R_OGLU__net0_zwitterion__ortho_8V82_s20240601,HB_2R3R_OGLU,net0_zwitterion,ortho,8V82,20240601,7,False,1,2.17,off_site,"geometry short-contact flag on a modeled pose; NOT a failed exit, NOT binding evidence; retained, never promoted or removed"
supplement,hboglu_HB_2R3R_OGLU__net0_zwitterion__ortho_8V82_s20240602,HB_2R3R_OGLU,net0_zwitterion,ortho,8V82,20240602,1,True,1,2.12,off_site,"geometry short-contact flag on a modeled pose; NOT a failed exit, NOT binding evidence; retained, never promoted or removed"
supplement,hboglu_HB_2R3R_OGLU__net0_zwitterion__ortho_8V82_s20240602,HB_2R3R_OGLU,net0_zwitterion,ortho,8V82,20240602,2,False,1,2.15,off_site,"geometry short-contact flag on a modeled pose; NOT a failed exit, NOT binding evidence; retained, never promoted or removed"
supplement,hboglu_HB_2R3R_OGLU__net0_zwitterion__ortho_8V82_s20240602,HB_2R3R_OGLU,net0_zwitterion,ortho,8V82,20240602,3,False,1,2.16,off_site,"geometry short-contact flag on a modeled pose; NOT a failed exit, NOT binding evidence; retained, never promoted or removed"
supplement,hboglu_HB_2R3R_OGLU__net0_zwitterion__ortho_8V82_s20240602,HB_2R3R_OGLU,net0_zwitterion,ortho,8V82,20240602,4,False,1,1.78,off_site,"geometry short-contact flag on a modeled pose; NOT a failed exit, NOT binding evidence; retained, never promoted or removed"
supplement,hboglu_HB_2R3R_OGLU__net0_zwitterion__ortho_8V82_s20240602,HB_2R3R_OGLU,net0_zwitterion,ortho,8V82,20240602,5,False,1,1.78,off_site,"geometry short-contact flag on a modeled pose; NOT a failed exit, NOT binding evidence; retained, never promoted or removed"
supplement,hboglu_HB_2R3R_OGLU__net0_zwitterion__ortho_8V82_s20240603,HB_2R3R_OGLU,net0_zwitterion,ortho,8V82,20240603,1,True,1,1.97,off_site,"geometry short-contact flag on a modeled pose; NOT a failed exit, NOT binding evidence; retained, never promoted or removed"
supplement,hboglu_HB_2R3R_OGLU__net0_zwitterion__ortho_8V82_s20240603,HB_2R3R_OGLU,net0_zwitterion,ortho,8V82,20240603,3,False,1,2.19,off_site,"geometry short-contact flag on a modeled pose; NOT a failed exit, NOT binding evidence; retained, never promoted or removed"
supplement,hboglu_HB_2R3R_OGLU__net0_zwitterion__ortho_8V82_s20240603,HB_2R3R_OGLU,net0_zwitterion,ortho,8V82,20240603,4,False,1,2.13,off_site,"geometry short-contact flag on a modeled pose; NOT a failed exit, NOT binding evidence; retained, never promoted or removed"
supplement,hboglu_HB_2R3R_OGLU__net0_zwitterion__ortho_8V82_s20240603,HB_2R3R_OGLU,net0_zwitterion,ortho,8V82,20240603,5,False,2,2.14,off_site,"geometry short-contact flag on a modeled pose; NOT a failed exit, NOT binding evidence; retained, never promoted or removed"
supplement,hboglu_HB_2R3R_OGLU__net0_zwitterion__ortho_8V82_s20240603,HB_2R3R_OGLU,net0_zwitterion,ortho,8V82,20240603,6,False,1,2.11,off_site,"geometry short-contact flag on a modeled pose; NOT a failed exit, NOT binding evidence; retained, never promoted or removed"
supplement,hboglu_HB_2R3R_OGLU__net0_zwitterion__ortho_8V8A_s20240601,HB_2R3R_OGLU,net0_zwitterion,ortho,8V8A,20240601,4,False,1,2.18,off_site,"geometry short-contact flag on a modeled pose; NOT a failed exit, NOT binding evidence; retained, never promoted or removed"
supplement,hboglu_HB_2R3R_OGLU__net0_zwitterion__ortho_8V8A_s20240603,HB_2R3R_OGLU,net0_zwitterion,ortho,8V8A,20240603,2,False,1,2.1,off_site,"geometry short-contact flag on a modeled pose; NOT a failed exit, NOT binding evidence; retained, never promoted or removed"
supplement,hboglu_HB_2R3R_OGLU__net0_zwitterion__ortho_8V8A_s20240603,HB_2R3R_OGLU,net0_zwitterion,ortho,8V8A,20240603,3,False,2,1.93,off_site,"geometry short-contact flag on a modeled pose; NOT a failed exit, NOT binding evidence; retained, never promoted or removed"
supplement,hboglu_HB_2R3R_OGLU__net0_zwitterion__ortho_8V8A_s20240603,HB_2R3R_OGLU,net0_zwitterion,ortho,8V8A,20240603,5,False,1,2.1,off_site,"geometry short-contact flag on a modeled pose; NOT a failed exit, NOT binding evidence; retained, never promoted or removed"
supplement,hboglu_HB_2R3R_OGLU__netminus1_anion__ortho_8V8A_s20240601,HB_2R3R_OGLU,netminus1_anion,ortho,8V8A,20240601,1,True,1,1.87,off_site,"geometry short-contact flag on a modeled pose; NOT a failed exit, NOT binding evidence; retained, never promoted or removed"
supplement,hboglu_HB_2R3R_OGLU__netminus1_anion__ortho_8V8A_s20240601,HB_2R3R_OGLU,netminus1_anion,ortho,8V8A,20240601,3,False,1,1.81,off_site,"geometry short-contact flag on a modeled pose; NOT a failed exit, NOT binding evidence; retained, never promoted or removed"
supplement,hboglu_HB_2R3R_OGLU__netminus1_anion__ortho_8V8A_s20240602,HB_2R3R_OGLU,netminus1_anion,ortho,8V8A,20240602,2,False,1,1.86,off_site,"geometry short-contact flag on a modeled pose; NOT a failed exit, NOT binding evidence; retained, never promoted or removed"
supplement,hboglu_HB_2R3R_OGLU__netminus1_anion__ortho_8V8A_s20240603,HB_2R3R_OGLU,netminus1_anion,ortho,8V8A,20240603,2,False,1,1.85,off_site,"geometry short-contact flag on a modeled pose; NOT a failed exit, NOT binding evidence; retained, never promoted or removed"
supplement,hboglu_HB_2R3R_OGLU__netminus1_anion__ortho_8V8A_s20240603,HB_2R3R_OGLU,netminus1_anion,ortho,8V8A,20240603,4,False,1,1.95,off_site,"geometry short-contact flag on a modeled pose; NOT a failed exit, NOT binding evidence; retained, never promoted or removed"
supplement,hboglu_HB_2S3S_OGLU__net0_zwitterion__ortho_8V82_s20240601,HB_2S3S_OGLU,net0_zwitterion,ortho,8V82,20240601,1,True,1,2.17,off_site,"geometry short-contact flag on a modeled pose; NOT a failed exit, NOT binding evidence; retained, never promoted or removed"
supplement,hboglu_HB_2S3S_OGLU__net0_zwitterion__ortho_8V82_s20240601,HB_2S3S_OGLU,net0_zwitterion,ortho,8V82,20240601,2,False,1,1.79,off_site,"geometry short-contact flag on a modeled pose; NOT a failed exit, NOT binding evidence; retained, never promoted or removed"
supplement,hboglu_HB_2S3S_OGLU__net0_zwitterion__ortho_8V82_s20240601,HB_2S3S_OGLU,net0_zwitterion,ortho,8V82,20240601,3,False,3,1.72,off_site,"geometry short-contact flag on a modeled pose; NOT a failed exit, NOT binding evidence; retained, never promoted or removed"
supplement,hboglu_HB_2S3S_OGLU__net0_zwitterion__ortho_8V82_s20240601,HB_2S3S_OGLU,net0_zwitterion,ortho,8V82,20240601,4,False,3,1.9,off_site,"geometry short-contact flag on a modeled pose; NOT a failed exit, NOT binding evidence; retained, never promoted or removed"
supplement,hboglu_HB_2S3S_OGLU__net0_zwitterion__ortho_8V82_s20240602,HB_2S3S_OGLU,net0_zwitterion,ortho,8V82,20240602,1,True,1,2.1,off_site,"geometry short-contact flag on a modeled pose; NOT a failed exit, NOT binding evidence; retained, never promoted or removed"
supplement,hboglu_HB_2S3S_OGLU__net0_zwitterion__ortho_8V82_s20240603,HB_2S3S_OGLU,net0_zwitterion,ortho,8V82,20240603,1,True,1,2.15,off_site,"geometry short-contact flag on a modeled pose; NOT a failed exit, NOT binding evidence; retained, never promoted or removed"
supplement,hboglu_HB_2S3S_OGLU__net0_zwitterion__ortho_8V82_s20240603,HB_2S3S_OGLU,net0_zwitterion,ortho,8V82,20240603,2,False,2,2.08,off_site,"geometry short-contact flag on a modeled pose; NOT a failed exit, NOT binding evidence; retained, never promoted or removed"
supplement,hboglu_HB_2S3S_OGLU__net0_zwitterion__ortho_8V8A_s20240601,HB_2S3S_OGLU,net0_zwitterion,ortho,8V8A,20240601,5,False,2,1.84,off_site,"geometry short-contact flag on a modeled pose; NOT a failed exit, NOT binding evidence; retained, never promoted or removed"
supplement,hboglu_HB_2S3S_OGLU__net0_zwitterion__ortho_8V8A_s20240601,HB_2S3S_OGLU,net0_zwitterion,ortho,8V8A,20240601,6,False,1,2.13,off_site,"geometry short-contact flag on a modeled pose; NOT a failed exit, NOT binding evidence; retained, never promoted or removed"
supplement,hboglu_HB_2S3S_OGLU__net0_zwitterion__ortho_8V8A_s20240601,HB_2S3S_OGLU,net0_zwitterion,ortho,8V8A,20240601,7,False,1,2.11,off_site,"geometry short-contact flag on a modeled pose; NOT a failed exit, NOT binding evidence; retained, never promoted or removed"
supplement,hboglu_HB_2S3S_OGLU__net0_zwitterion__ortho_8V8A_s20240602,HB_2S3S_OGLU,net0_zwitterion,ortho,8V8A,20240602,4,False,1,1.93,off_site,"geometry short-contact flag on a modeled pose; NOT a failed exit, NOT binding evidence; retained, never promoted or removed"
supplement,hboglu_HB_2S3S_OGLU__net0_zwitterion__ortho_8V8A_s20240602,HB_2S3S_OGLU,net0_zwitterion,ortho,8V8A,20240602,5,False,1,1.99,off_site,"geometry short-contact flag on a modeled pose; NOT a failed exit, NOT binding evidence; retained, never promoted or removed"
supplement,hboglu_HB_2S3S_OGLU__net0_zwitterion__ortho_8V8A_s20240602,HB_2S3S_OGLU,net0_zwitterion,ortho,8V8A,20240602,7,False,1,2.19,off_site,"geometry short-contact flag on a modeled pose; NOT a failed exit, NOT binding evidence; retained, never promoted or removed"
supplement,hboglu_HB_2S3S_OGLU__net0_zwitterion__ortho_8V8A_s20240602,HB_2S3S_OGLU,net0_zwitterion,ortho,8V8A,20240602,8,False,2,1.95,off_site,"geometry short-contact flag on a modeled pose; NOT a failed exit, NOT binding evidence; retained, never promoted or removed"
supplement,hboglu_HB_2S3S_OGLU__net0_zwitterion__ortho_8V8A_s20240603,HB_2S3S_OGLU,net0_zwitterion,ortho,8V8A,20240603,1,True,1,1.98,off_site,"geometry short-contact flag on a modeled pose; NOT a failed exit, NOT binding evidence; retained, never promoted or removed"
supplement,hboglu_HB_2S3S_OGLU__net0_zwitterion__ortho_8V8A_s20240603,HB_2S3S_OGLU,net0_zwitterion,ortho,8V8A,20240603,5,False,2,1.83,off_site,"geometry short-contact flag on a modeled pose; NOT a failed exit, NOT binding evidence; retained, never promoted or removed"
supplement,hboglu_HB_2S3S_OGLU__net0_zwitterion__ortho_8V8A_s20240603,HB_2S3S_OGLU,net0_zwitterion,ortho,8V8A,20240603,7,False,1,2.06,off_site,"geometry short-contact flag on a modeled pose; NOT a failed exit, NOT binding evidence; retained, never promoted or removed"
supplement,hboglu_HB_2S3S_OGLU__netminus1_anion__ortho_8V8A_s20240602,HB_2S3S_OGLU,netminus1_anion,ortho,8V8A,20240602,6,False,1,2.03,off_site,"geometry short-contact flag on a modeled pose; NOT a failed exit, NOT binding evidence; retained, never promoted or removed"
