batch,species,form,receptor,measured_site,n_poses,n_unique_seeds,searched_from_boxes,n_distinct_modes_C5_2A,modes_unique_seeds,score_lowest_sampled,score_mean_sampled,max_clashes,all_verified
main,BUP_R,amine_cation,8V82,EPJ_pocket,3,3,ortho,1,3,-6.172,-6.155,0,True
main,BUP_R,amine_cation,8V82,I34_pocket,9,3,lateral_I34;midpore;outerpore,1,3,-6.695,-6.632,0,True
main,BUP_R,amine_cation,8V8A,I34_pocket,9,3,lateral_I34;midpore;outerpore,3,3;2;3,-6.243,-6.0,0,True
main,BUP_R,amine_cation,8V8A,other_interface,3,3,ortho,2,2;1,-5.429,-5.401,0,True
main,BUP_S,amine_cation,8V82,EPJ_pocket,3,3,ortho,1,3,-7.525,-7.52,0,True
main,BUP_S,amine_cation,8V82,I34_pocket,6,3,lateral_I34;midpore,2,3;3,-6.272,-6.178,0,True
main,BUP_S,amine_cation,8V82,other_interface,3,3,outerpore,1,3,-5.982,-5.976,0,True
main,BUP_S,amine_cation,8V8A,EPJ_pocket,3,3,ortho,1,3,-6.542,-6.531,0,True
main,BUP_S,amine_cation,8V8A,I34_pocket,6,3,lateral_I34;midpore,3,3;1;2,-6.42,-6.131,0,True
main,BUP_S,amine_cation,8V8A,other_interface,3,3,outerpore,2,1;2,-5.392,-5.349,0,True
main,E4pOH_1R2S,amine_cation,8V82,EPJ_pocket,3,3,ortho,1,3,-7.538,-7.528,0,True
main,E4pOH_1R2S,amine_cation,8V82,I34_pocket,9,3,lateral_I34;midpore;outerpore,1,3,-6.525,-6.425,0,True
main,E4pOH_1R2S,amine_cation,8V8A,EPJ_pocket,3,3,ortho,1,3,-6.203,-6.186,0,True
main,E4pOH_1R2S,amine_cation,8V8A,I34_pocket,3,3,lateral_I34,2,2;1,-5.83,-5.809,0,True
main,E4pOH_1R2S,amine_cation,8V8A,other_interface,5,3,midpore;outerpore,2,2;3,-6.416,-5.829,0,True
main,E4pOH_1R2S,amine_cation,8V8A,pore_lumen,1,1,midpore,1,1,-5.541,-5.541,0,True
main,E4pOH_1S2R,amine_cation,8V82,EPJ_pocket,3,3,ortho,1,3,-6.968,-6.956,0,True
main,E4pOH_1S2R,amine_cation,8V82,I34_pocket,9,3,lateral_I34;midpore;outerpore,1,3,-6.547,-6.492,0,True
main,E4pOH_1S2R,amine_cation,8V8A,EPJ_pocket,3,3,ortho,1,3,-5.95,-5.943,0,True
main,E4pOH_1S2R,amine_cation,8V8A,I34_pocket,7,3,lateral_I34;midpore;outerpore,2,3;2,-6.49,-6.173,0,True
main,E4pOH_1S2R,amine_cation,8V8A,other_interface,1,1,outerpore,1,1,-5.593,-5.593,0,True
main,E4pOH_1S2R,amine_cation,8V8A,pore_lumen,1,1,midpore,1,1,-5.491,-5.491,0,True
main,EGLUC_1R2S,zwitterion_carboxylate_ammonium,8V82,EPJ_pocket,2,2,ortho,1,2,1.622,1.642,0,True
main,EGLUC_1R2S,zwitterion_carboxylate_ammonium,8V82,I34_pocket,3,3,lateral_I34,1,3,-6.745,-6.729,0,True
main,EGLUC_1R2S,zwitterion_carboxylate_ammonium,8V82,other_interface,1,1,ortho,1,1,-1.668,-1.668,0,True
main,EGLUC_1R2S,zwitterion_carboxylate_ammonium,8V82,pore_lumen,6,3,midpore;outerpore,2,3;3,-6.906,-6.513,0,True
main,EGLUC_1R2S,zwitterion_carboxylate_ammonium,8V8A,I34_pocket,3,3,lateral_I34,2,2;1,-5.411,-5.388,0,True
main,EGLUC_1R2S,zwitterion_carboxylate_ammonium,8V8A,other_interface,3,3,ortho,3,1;1;1,-3.693,-2.863,0,True
main,EGLUC_1R2S,zwitterion_carboxylate_ammonium,8V8A,pore_lumen,6,3,midpore;outerpore,2,3;3,-7.124,-6.512,0,True
main,EGLUC_1S2R,zwitterion_carboxylate_ammonium,8V82,EPJ_pocket,3,3,ortho,1,3,-2.04,-2.02,0,True
main,EGLUC_1S2R,zwitterion_carboxylate_ammonium,8V82,I34_pocket,3,3,lateral_I34,1,3,-5.738,-5.726,0,True
main,EGLUC_1S2R,zwitterion_carboxylate_ammonium,8V82,pore_lumen,6,3,midpore;outerpore,4,1;2;2;1,-7.833,-6.898,0,True
main,EGLUC_1S2R,zwitterion_carboxylate_ammonium,8V8A,I34_pocket,3,3,lateral_I34,1,3,-5.935,-5.894,0,True
main,EGLUC_1S2R,zwitterion_carboxylate_ammonium,8V8A,other_interface,3,3,ortho,3,1;1;1,-3.805,-3.067,0,True
main,EGLUC_1S2R,zwitterion_carboxylate_ammonium,8V8A,pore_lumen,6,3,midpore;outerpore,2,3;3,-7.104,-6.564,0,True
main,EHB_1R2S,amine_cation,8V82,EPJ_pocket,3,3,ortho,1,3,-7.322,-7.305,0,True
main,EHB_1R2S,amine_cation,8V82,I34_pocket,7,3,lateral_I34;midpore;outerpore,3,3;2;2,-6.212,-6.141,0,True
main,EHB_1R2S,amine_cation,8V82,other_interface,2,1,midpore;outerpore,2,1;1,-6.419,-6.196,0,True
main,EHB_1R2S,amine_cation,8V8A,EPJ_pocket,3,3,ortho,1,3,-6.1,-6.097,0,True
main,EHB_1R2S,amine_cation,8V8A,I34_pocket,5,3,lateral_I34;midpore,4,1;2;1;1,-6.215,-6.071,0,True
main,EHB_1R2S,amine_cation,8V8A,other_interface,4,3,midpore;outerpore,2,1;3,-6.465,-5.56,0,True
main,EHB_1S2R,amine_cation,8V82,EPJ_pocket,3,3,ortho,1,3,-6.845,-6.839,0,True
main,EHB_1S2R,amine_cation,8V82,I34_pocket,9,3,lateral_I34;midpore;outerpore,1,3,-6.495,-6.446,0,True
main,EHB_1S2R,amine_cation,8V8A,I34_pocket,8,3,lateral_I34;midpore;outerpore,2,3;3,-6.042,-5.968,0,True
main,EHB_1S2R,amine_cation,8V8A,other_interface,4,3,ortho;outerpore,3,1;2;1,-5.656,-5.424,0,True
main,HB_2R3R,amine_cation,8V82,other_interface,9,3,lateral_I34;ortho;outerpore,2,3;3,-6.283,-6.129,0,True
main,HB_2R3R,amine_cation,8V82,pore_lumen,3,3,midpore,1,3,-6.661,-6.609,0,True
main,HB_2R3R,amine_cation,8V8A,other_interface,9,3,lateral_I34;ortho;outerpore,2,3;3,-6.315,-6.097,0,True
main,HB_2R3R,amine_cation,8V8A,pore_lumen,3,3,midpore,1,3,-6.081,-6.077,0,True
main,HB_2R3R,neutral,8V82,I34_pocket,1,1,lateral_I34,1,1,-6.364,-6.364,0,True
main,HB_2R3R,neutral,8V82,other_interface,8,3,lateral_I34;ortho;outerpore,2,3;3,-6.453,-6.33,0,True
main,HB_2R3R,neutral,8V82,pore_lumen,3,3,midpore,1,3,-6.706,-6.702,0,True
main,HB_2R3R,neutral,8V8A,I34_pocket,3,3,lateral_I34,1,3,-6.183,-6.178,0,True
main,HB_2R3R,neutral,8V8A,other_interface,6,3,ortho;outerpore,3,1;2;3,-5.954,-5.84,0,True
main,HB_2R3R,neutral,8V8A,pore_lumen,3,3,midpore,1,3,-6.229,-6.213,0,True
main,HB_2S3S,amine_cation,8V82,EPJ_pocket,3,3,ortho,1,3,-5.052,-5.051,0,True
main,HB_2S3S,amine_cation,8V82,other_interface,7,3,lateral_I34;midpore;outerpore,2,3;1,-7.183,-7.045,0,True
main,HB_2S3S,amine_cation,8V82,pore_lumen,2,2,midpore,1,2,-6.521,-6.521,0,True
main,HB_2S3S,amine_cation,8V8A,I34_pocket,3,3,lateral_I34,1,3,-7.097,-7.077,0,True
main,HB_2S3S,amine_cation,8V8A,other_interface,7,3,midpore;ortho;outerpore,4,1;1;2;3,-7.156,-6.097,0,True
main,HB_2S3S,amine_cation,8V8A,pore_lumen,2,2,midpore,1,2,-6.13,-6.129,0,True
main,HB_2S3S,neutral,8V82,EPJ_pocket,3,3,ortho,1,3,-4.974,-4.922,0,True
main,HB_2S3S,neutral,8V82,other_interface,6,3,lateral_I34;outerpore,2,3;3,-6.952,-6.634,0,True
main,HB_2S3S,neutral,8V82,pore_lumen,3,3,midpore,1,3,-6.598,-6.594,0,True
main,HB_2S3S,neutral,8V8A,I34_pocket,3,3,lateral_I34,1,3,-7.129,-7.124,0,True
main,HB_2S3S,neutral,8V8A,other_interface,8,3,midpore;ortho;outerpore,3,2;3;3,-6.898,-6.111,0,True
main,HB_2S3S,neutral,8V8A,pore_lumen,1,1,midpore,1,1,-6.234,-6.234,0,True
main,OH4p_R,amine_cation,8V82,EPJ_pocket,3,3,ortho,1,3,-6.278,-6.247,0,True
main,OH4p_R,amine_cation,8V82,I34_pocket,9,3,lateral_I34;midpore;outerpore,1,3,-6.699,-6.614,0,True
main,OH4p_R,amine_cation,8V8A,I34_pocket,5,3,lateral_I34;outerpore,2,3;2,-6.016,-5.916,0,True
main,OH4p_R,amine_cation,8V8A,other_interface,3,3,ortho,1,3,-5.352,-5.315,0,True
main,OH4p_R,amine_cation,8V8A,pore_lumen,4,3,midpore;outerpore,2,3;1,-5.742,-5.61,0,True
main,OH4p_R,zwitterion_phenolate_ammonium,8V82,EPJ_pocket,3,3,ortho,1,3,-6.276,-6.268,0,True
main,OH4p_R,zwitterion_phenolate_ammonium,8V82,I34_pocket,9,3,lateral_I34;midpore;outerpore,1,3,-6.856,-6.796,0,True
main,OH4p_R,zwitterion_phenolate_ammonium,8V8A,I34_pocket,4,3,lateral_I34;outerpore,2,3;1,-6.071,-5.989,0,True
main,OH4p_R,zwitterion_phenolate_ammonium,8V8A,other_interface,3,3,ortho,2,2;1,-5.006,-4.966,0,True
main,OH4p_R,zwitterion_phenolate_ammonium,8V8A,pore_lumen,5,3,midpore;outerpore,2,3;2,-5.899,-5.678,0,True
main,OH4p_S,amine_cation,8V82,EPJ_pocket,3,3,ortho,1,3,-7.984,-7.974,0,True
main,OH4p_S,amine_cation,8V82,I34_pocket,9,3,lateral_I34;midpore;outerpore,4,3;1;3;1,-6.502,-6.333,0,True
main,OH4p_S,amine_cation,8V8A,EPJ_pocket,3,3,ortho,1,3,-6.521,-6.51,0,True
main,OH4p_S,amine_cation,8V8A,I34_pocket,4,3,lateral_I34;midpore,3,1;2;1,-6.205,-5.96,0,True
main,OH4p_S,amine_cation,8V8A,pore_lumen,5,3,midpore;outerpore,2,2;3,-5.775,-5.552,0,True
main,OH4p_S,zwitterion_phenolate_ammonium,8V82,EPJ_pocket,3,3,ortho,1,3,-7.219,-7.19,0,True
main,OH4p_S,zwitterion_phenolate_ammonium,8V82,I34_pocket,9,3,lateral_I34;midpore;outerpore,3,2;1;3,-6.652,-6.527,0,True
main,OH4p_S,zwitterion_phenolate_ammonium,8V8A,I34_pocket,6,3,lateral_I34;midpore;outerpore,4,2;1;1;2,-6.265,-5.888,0,True
main,OH4p_S,zwitterion_phenolate_ammonium,8V8A,other_interface,4,3,ortho;outerpore,2,3;1,-5.405,-5.355,0,True
main,OH4p_S,zwitterion_phenolate_ammonium,8V8A,pore_lumen,2,2,midpore,1,2,-5.921,-5.902,0,True
main,T4pOH_1R2R,amine_cation,8V82,EPJ_pocket,3,3,ortho,1,3,-8.049,-8.024,0,True
main,T4pOH_1R2R,amine_cation,8V82,I34_pocket,5,3,lateral_I34;midpore,2,2;1,-6.202,-6.098,0,True
main,T4pOH_1R2R,amine_cation,8V82,other_interface,4,3,lateral_I34;outerpore,1,3,-6.238,-6.187,0,True
main,T4pOH_1R2R,amine_cation,8V8A,EPJ_pocket,3,3,ortho,1,3,-7.335,-7.331,0,True
main,T4pOH_1R2R,amine_cation,8V8A,I34_pocket,3,3,lateral_I34,1,3,-6.018,-5.891,0,True
main,T4pOH_1R2R,amine_cation,8V8A,pore_lumen,6,3,midpore;outerpore,2,3;3,-5.607,-5.577,0,True
main,T4pOH_1S2S,amine_cation,8V82,EPJ_pocket,3,3,ortho,1,3,-6.852,-6.826,0,True
main,T4pOH_1S2S,amine_cation,8V82,I34_pocket,6,3,lateral_I34;midpore,2,3;3,-6.231,-6.143,0,True
main,T4pOH_1S2S,amine_cation,8V82,other_interface,3,3,outerpore,1,3,-5.946,-5.934,0,True
main,T4pOH_1S2S,amine_cation,8V8A,I34_pocket,3,3,lateral_I34,1,3,-5.835,-5.832,0,True
main,T4pOH_1S2S,amine_cation,8V8A,other_interface,6,3,ortho;outerpore,2,3;3,-5.721,-5.35,0,True
main,T4pOH_1S2S,amine_cation,8V8A,pore_lumen,3,3,midpore,1,3,-5.46,-5.452,0,True
main,TGLUC_1R2R,zwitterion_carboxylate_ammonium,8V82,EPJ_pocket,3,3,ortho,1,3,-1.951,-1.942,0,True
main,TGLUC_1R2R,zwitterion_carboxylate_ammonium,8V82,other_interface,3,3,lateral_I34,1,3,-5.61,-5.607,0,True
main,TGLUC_1R2R,zwitterion_carboxylate_ammonium,8V82,pore_lumen,6,3,midpore;outerpore,3,2;1;3,-7.823,-6.664,0,True
main,TGLUC_1R2R,zwitterion_carboxylate_ammonium,8V8A,EPJ_pocket,1,1,ortho,1,1,-1.638,-1.638,0,True
main,TGLUC_1R2R,zwitterion_carboxylate_ammonium,8V8A,I34_pocket,1,1,lateral_I34,1,1,-5.316,-5.316,0,True
main,TGLUC_1R2R,zwitterion_carboxylate_ammonium,8V8A,other_interface,4,2,lateral_I34;ortho,3,2;1;1,-5.324,-4.396,0,True
main,TGLUC_1R2R,zwitterion_carboxylate_ammonium,8V8A,pore_lumen,6,3,midpore;outerpore,2,3;3,-7.091,-6.432,0,True
main,TGLUC_1S2S,zwitterion_carboxylate_ammonium,8V82,EPJ_pocket,3,3,ortho,1,3,0.947,0.957,1,True
main,TGLUC_1S2S,zwitterion_carboxylate_ammonium,8V82,I34_pocket,3,3,lateral_I34,1,3,-5.989,-5.943,0,True
main,TGLUC_1S2S,zwitterion_carboxylate_ammonium,8V82,pore_lumen,6,3,midpore;outerpore,3,1;2;3,-7.864,-6.32,0,True
main,TGLUC_1S2S,zwitterion_carboxylate_ammonium,8V8A,other_interface,6,3,lateral_I34;ortho,2,3;3,-5.166,-3.482,1,True
main,TGLUC_1S2S,zwitterion_carboxylate_ammonium,8V8A,pore_lumen,6,3,midpore;outerpore,3,1;2;3,-7.422,-6.453,0,True
main,THB_1R2R,amine_cation,8V82,EPJ_pocket,3,3,ortho,1,3,-7.409,-7.403,0,True
main,THB_1R2R,amine_cation,8V82,I34_pocket,9,3,lateral_I34;midpore;outerpore,1,3,-6.264,-6.18,0,True
main,THB_1R2R,amine_cation,8V8A,EPJ_pocket,3,3,ortho,1,3,-6.811,-6.795,0,True
main,THB_1R2R,amine_cation,8V8A,I34_pocket,5,3,lateral_I34;midpore,2,3;2,-6.109,-5.89,0,True
main,THB_1R2R,amine_cation,8V8A,other_interface,3,3,outerpore,1,3,-5.739,-5.728,0,True
main,THB_1R2R,amine_cation,8V8A,pore_lumen,1,1,midpore,1,1,-5.288,-5.288,0,True
main,THB_1S2S,amine_cation,8V82,EPJ_pocket,3,3,ortho,1,3,-6.431,-6.418,0,True
main,THB_1S2S,amine_cation,8V82,I34_pocket,6,3,lateral_I34;midpore,3,3;2;1,-6.441,-6.162,0,True
main,THB_1S2S,amine_cation,8V82,other_interface,3,3,outerpore,1,3,-5.825,-5.804,0,True
main,THB_1S2S,amine_cation,8V8A,EPJ_pocket,3,3,ortho,1,3,-5.776,-5.771,0,True
main,THB_1S2S,amine_cation,8V8A,I34_pocket,3,3,lateral_I34,1,3,-6.004,-5.999,0,True
main,THB_1S2S,amine_cation,8V8A,other_interface,5,3,midpore;outerpore,2,2;3,-6.22,-5.79,0,True
main,THB_1S2S,amine_cation,8V8A,pore_lumen,1,1,midpore,1,1,-5.523,-5.523,0,True
main,mCBA,anion,8V82,EPJ_pocket,3,3,ortho,1,3,-6.495,-6.491,0,True
main,mCBA,anion,8V82,I34_pocket,9,3,lateral_I34;midpore;outerpore,2,1;3,-5.222,-5.2,0,True
main,mCBA,anion,8V8A,EPJ_pocket,3,3,ortho,1,3,-6.265,-6.263,0,True
main,mCBA,anion,8V8A,I34_pocket,9,3,lateral_I34;midpore;outerpore,2,3;2,-5.578,-5.546,0,True
main,mCHA,anion,8V82,EPJ_pocket,3,3,ortho,1,3,-7.575,-7.558,0,True
main,mCHA,anion,8V82,I34_pocket,9,3,lateral_I34;midpore;outerpore,3,3;1;2,-6.197,-6.167,0,True
main,mCHA,anion,8V8A,EPJ_pocket,3,3,ortho,1,3,-6.929,-6.924,0,True
main,mCHA,anion,8V8A,I34_pocket,9,3,lateral_I34;midpore;outerpore,3,3;3;1,-6.22,-6.149,0,True
supplement,HB_2R3R_OGLU,net0_zwitterion,8V82,EPJ_pocket,1,1,ortho,1,1,6.184,6.184,1,True
supplement,HB_2R3R_OGLU,net0_zwitterion,8V82,other_interface,5,3,lateral_I34;ortho,2,3;2,-5.49,-1.924,1,True
supplement,HB_2R3R_OGLU,net0_zwitterion,8V82,pore_lumen,6,3,midpore;outerpore,4,2;1;2;1,-8.276,-6.674,0,True
supplement,HB_2R3R_OGLU,net0_zwitterion,8V8A,other_interface,6,3,lateral_I34;ortho,4,3;1;1;1,-5.243,-1.19,0,True
supplement,HB_2R3R_OGLU,net0_zwitterion,8V8A,pore_lumen,6,3,midpore;outerpore,3,3;1;2,-7.645,-6.777,0,True
supplement,HB_2R3R_OGLU,netminus1_anion,8V82,EPJ_pocket,3,3,ortho,1,3,1.315,1.331,0,True
supplement,HB_2R3R_OGLU,netminus1_anion,8V82,I34_pocket,2,2,lateral_I34,2,1;1,-5.599,-5.559,0,True
supplement,HB_2R3R_OGLU,netminus1_anion,8V82,other_interface,1,1,lateral_I34,1,1,-5.369,-5.369,0,True
supplement,HB_2R3R_OGLU,netminus1_anion,8V82,pore_lumen,6,3,midpore;outerpore,2,3;3,-7.642,-6.914,0,True
supplement,HB_2R3R_OGLU,netminus1_anion,8V8A,other_interface,6,3,lateral_I34;ortho,3,3;1;2,-5.853,-2.811,1,True
supplement,HB_2R3R_OGLU,netminus1_anion,8V8A,pore_lumen,6,3,midpore;outerpore,2,3;3,-7.536,-6.922,0,True
supplement,HB_2S3S_OGLU,net0_zwitterion,8V82,other_interface,6,3,lateral_I34;ortho,4,3;1;1;1,-5.224,-1.373,1,True
supplement,HB_2S3S_OGLU,net0_zwitterion,8V82,pore_lumen,6,3,midpore;outerpore,3,2;1;3,-7.23,-6.346,0,True
supplement,HB_2S3S_OGLU,net0_zwitterion,8V8A,I34_pocket,3,3,lateral_I34,1,3,-5.4,-5.385,0,True
supplement,HB_2S3S_OGLU,net0_zwitterion,8V8A,other_interface,3,3,ortho,2,2;1,1.812,2.008,1,True
supplement,HB_2S3S_OGLU,net0_zwitterion,8V8A,pore_lumen,6,3,midpore;outerpore,2,3;3,-7.1,-6.601,0,True
supplement,HB_2S3S_OGLU,netminus1_anion,8V82,EPJ_pocket,3,3,ortho,1,3,0.681,0.692,0,True
supplement,HB_2S3S_OGLU,netminus1_anion,8V82,other_interface,3,3,lateral_I34,1,3,-5.926,-5.924,0,True
supplement,HB_2S3S_OGLU,netminus1_anion,8V82,pore_lumen,6,3,midpore;outerpore,2,3;3,-7.146,-6.702,0,True
supplement,HB_2S3S_OGLU,netminus1_anion,8V8A,I34_pocket,3,3,lateral_I34,1,3,-6.056,-6.051,0,True
supplement,HB_2S3S_OGLU,netminus1_anion,8V8A,other_interface,3,3,ortho,1,3,1.416,1.444,0,True
supplement,HB_2S3S_OGLU,netminus1_anion,8V8A,pore_lumen,6,3,midpore;outerpore,2,3;3,-7.077,-6.66,0,True
